line,crest_ft,nwl_ft,type,H_max_m,dam_endarea_Mm3,dam_grid_Mm3,grid_cfrd_Mm3,grid_rcc_Mm3,infeasible_m,need_bank_Mm3,wedge_Mm3,net_nocut_Mm3,max_cut_Mm3,balanced,floor_ft,cut_Mm3,cap_Mm3,pit_acre,net_Mm3,net_GWh,maxnet_floor_ft,maxnet_cut_Mm3,maxnet_cap_Mm3,maxnet_pit_acre,maxnet_Mm3,maxnet_GWh,maxnet_surplus_ratio,netinf_Mm3,wall,berm_m,wall_m,head_m,curve
A_parcel_ring_3700,3800,3780,cfrd,31.86771648758804,13.369506609291628,16.227098874834702,16.227098874834702,0.0,0.0,13.522582395695586,1.1750563688783702,3.0959185262361877,31.066021102751478,True,3750,15.257317744803512,2.7677558166289398,98.88580281996411,3.0959185262361877,3.0162615951684293,3400,30.60127185637215,2.7677558166289398,99.62588278319487,18.43987263780483,17.96542098439081,2.262975440705241,18.90462188418416,bowl,20.0,0.75,420.624,3750:15.26:3.10;3700:19.29:7.13;3650:22.65:10.49;3600:25.36:13.20;3550:27.46:15.30;3500:28.98:16.82;3450:30.00:17.84;3400:30.60:18.44;3350:30.90:18.74;3300:31.02:18.86;3250:31.06:18.90;3200:31.07:18.90;3150:31.07:18.90;3100:31.07:18.90;3050:31.07:18.90;3000:31.07:18.90
A_parcel_ring_3700,3800,3780,combo,31.86771648758804,6.644077195897276,7.308102648099993,5.953106401762672,1.3549962463373215,0.0,6.180418623172483,0.8678088348954951,3.5189937396090385,33.16708298215354,True,3750,15.383611505293823,2.7677558166289398,102.71024942795154,3.5189937396090385,3.4284512271467693,3400,32.448959733703596,2.7677558166289398,104.03399178622438,20.584341968018812,20.054713847857954,5.250285087816132,21.302465216468754,bowl,20.0,0.75,420.624,3750:15.38:3.52;3700:19.77:7.90;3650:23.46:11.59;3600:26.47:14.60;3550:28.82:16.95;3500:30.55:18.68;3450:31.72:19.86;3400:32.45:20.58;3350:32.84:20.98;3300:33.03:21.16;3250:33.12:21.25;3200:33.16:21.29;3150:33.17:21.30;3100:33.17:21.30;3050:33.17:21.30;3000:33.17:21.30
A_parcel_ring_3700,3800,3780,rcc,31.86771648758804,2.8025663237875937,3.081581966400614,0.0,3.081581966400614,0.0,2.773423769760553,0.268358041127271,4.339040284638152,39.686234933483554,True,3750,15.633694644326244,2.7677558166289398,109.65093924672462,4.339040284638152,4.227398253388108,3350,38.837546872919944,2.7677558166289398,114.4175978412893,27.542892513231852,26.834223253449853,14.00346650821163,28.391580573795466,bowl,20.0,0.75,420.624,3750:15.63:4.34;3700:20.81:9.51;3650:25.33:14.03;3600:29.14:17.85;3550:32.29:21.00;3500:34.79:23.50;3450:36.68:25.38;3400:37.99:26.70;3350:38.84:27.54;3300:39.32:28.03;3250:39.55:28.25;3200:39.64:28.35;3150:39.68:28.38;3100:39.69:28.39;3050:39.69:28.39;3000:39.69:28.39
A_parcel_ring_3700,3850,3830,cfrd,47.10771648758805,23.04191756364078,29.209449493403966,29.209449493403966,0.0,0.0,24.341207911169974,2.7537143052268265,3.9743866136668955,27.049995311953023,True,3550,24.77576807914106,2.7677558166289398,91.82551410229165,17.898338151196377,18.069625068319944,3450,26.52647450402998,2.7677558166289398,91.82551410229165,19.649044576085302,19.837085736187998,1.0897764236201775,20.172565384008344,bowl,20.0,0.75,435.86400000000003,3800:10.85:3.97;3750:14.75:7.87;3700:18.19:11.31;3650:20.98:14.10;3600:23.16:16.28;3550:24.78:17.90;3500:25.87:18.99;3450:26.53:19.65;3400:26.87:19.99;3350:27.00:20.12;3300:27.04:20.16;3250:27.05:20.17;3200:27.05:20.17;3150:27.05:20.17;3100:27.05:20.17;3050:27.05:20.17;3000:27.05:20.17
A_parcel_ring_3700,3850,3830,combo,47.10771648758805,12.080710681361202,13.109261601311403,10.218737231270502,2.890524370040901,0.0,11.117086292428896,1.984239288282932,4.756235301476877,29.868317684116445,True,3750,15.032668392122321,2.7677558166289398,97.37697869459284,8.924713481121534,9.010122899888733,3450,28.923204536962604,2.7677558166289398,98.1640086387965,22.81524962596182,23.033591336729778,2.601689307445627,23.760362773115656,bowl,20.0,0.75,435.86400000000003,3800:10.86:4.76;3750:15.03:8.92;3700:18.97:12.86;3650:22.22:16.11;3600:24.80:18.69;3550:26.73:20.62;3500:28.07:21.96;3450:28.92:22.82;3400:29.41:23.30;3350:29.66:23.55;3300:29.78:23.67;3250:29.84:23.73;3200:29.87:23.76;3150:29.87:23.76;3100:29.87:23.76;3050:29.87:23.76;3000:29.87:23.76
A_parcel_ring_3700,3850,3830,rcc,47.10771648758805,5.55528599058319,6.300504414069676,0.0,6.300504414069676,0.0,5.67045397266271,0.4477189916463601,6.334778655653912,39.66637339356258,True,3800,10.907869494825592,2.7677558166289398,84.5747073039344,6.334778655653912,6.395402424040734,3400,37.975442721492065,2.7677558166289398,114.36842391384926,33.402351882320396,33.72201205581068,6.6970727396028416,35.0932825543909,bowl,20.0,0.75,435.86400000000003,3800:10.91:6.33;3750:15.63:11.06;3700:20.80:16.23;3650:25.32:20.74;3600:29.13:24.56;3550:32.28:27.71;3500:34.78:30.21;3450:36.66:32.09;3400:37.98:33.40;3350:38.82:34.25;3300:39.30:34.73;3250:39.53:34.96;3200:39.62:35.05;3150:39.66:35.09;3100:39.67:35.09;3050:39.67:35.09;3000:39.67:35.09
A_parcel_ring_3700,3900,3880,cfrd,62.34771648758806,34.95745251834591,45.00486498412475,45.00486498412475,0.0,0.0,37.504054153437295,5.010843868558462,5.456849636751414,23.312176312251278,False,,,,,,,3500,22.69993373459286,2.7677558166289398,83.75851895049495,20.75110486116088,21.68219946588342,0.6052661304754539,21.363347438819293,bowl,20.0,0.75,451.10400000000004,3850:7.41:5.46;3800:10.63:8.68;3750:14.01:12.07;3700:16.87:14.93;3650:19.14:17.19;3600:20.83:18.88;3550:21.99:20.04;3500:22.70:20.75;3450:23.09:21.14;3400:23.26:21.31;3350:23.30:21.35;3300:23.31:21.36;3250:23.31:21.36;3200:23.31:21.36;3150:23.31:21.36;3100:23.31:21.36;3050:23.31:21.36;3000:23.31:21.36
A_parcel_ring_3700,3900,3880,combo,62.34771648758806,18.936140861551277,20.012239818087703,15.049745200024162,4.962494618063541,0.0,17.00769948961066,3.5722680282535655,6.895436142297075,26.563508125832485,True,3700,17.955267473112666,2.7677558166289398,91.75904281344054,17.44501443998558,18.227765957702534,3500,25.330473661150588,2.7677558166289398,91.75904281344054,24.820220628023502,25.933894992323495,1.4893533176914369,26.0532550927054,bowl,20.0,0.75,451.10400000000004,3850:7.41:6.90;3800:10.69:10.18;3750:14.49:13.98;3700:17.96:17.45;3650:20.74:20.23;3600:22.86:22.35;3550:24.36:23.85;3500:25.33:24.82;3450:25.93:25.42;3400:26.26:25.75;3350:26.42:25.91;3300:26.51:26.00;3250:26.55:26.04;3200:26.56:26.05;3150:26.56:26.05;3100:26.56:26.05;3050:26.56:26.05;3000:26.56:26.05
A_parcel_ring_3700,3900,3880,rcc,62.34771648758806,9.134586002529224,10.563526520661298,0.0,10.563526520661298,0.0,9.507173868595167,0.6303561869682612,9.846392478960937,39.59894924135013,True,3800,10.898908546775631,2.7677558166289398,84.46103892894737,13.329308307281071,13.927389572477782,3400,37.91697720305554,2.7677558166289398,114.25475553886223,40.34737696356098,42.15774924286026,3.988249055621653,42.02934900185557,bowl,20.0,0.75,451.10400000000004,3850:7.42:9.85;3800:10.90:13.33;3750:15.61:18.04;3700:20.78:23.21;3650:25.29:27.72;3600:29.10:31.53;3550:32.24:34.67;3500:34.73:37.16;3450:36.61:39.04;3400:37.92:40.35;3350:38.75:41.18;3300:39.23:41.66;3250:39.46:41.89;3200:39.56:41.99;3150:39.59:42.02;3100:39.60:42.03;3050:39.60:42.03;3000:39.60:42.03
A_parcel_ring_3700,3950,3930,cfrd,77.58771648758807,49.025212867023406,64.7751882275027,64.7751882275027,0.0,0.0,53.97932352291892,8.06300214809452,7.238034212501262,19.4701490845739,False,,,,,,,3550,18.802601537068703,2.7674623402900407,74.07125524480708,21.29221900123974,22.999201081093638,0.34832969940954084,21.959766548744934,bowl,20.0,0.75,466.34400000000005,3900:4.75:7.24;3850:7.32:9.81;3800:10.15:12.64;3750:12.94:15.43;3700:15.21:17.70;3650:16.90:19.39;3600:18.07:20.56;3550:18.80:21.29;3500:19.22:21.71;3450:19.40:21.89;3400:19.46:21.95;3350:19.47:21.96;3300:19.47:21.96;3250:19.47:21.96;3200:19.47:21.96;3150:19.47:21.96;3100:19.47:21.96;3050:19.47:21.96;3000:19.47:21.96
A_parcel_ring_3700,3950,3930,combo,77.58771648758807,27.462702612800754,28.152134666777613,20.557050756084116,7.595083910693496,0.0,23.966451149694244,5.734420557817083,9.5666158027787,22.789622527761168,False,,,,,,,3500,21.967078703085164,2.7674623402900407,83.10369026850447,26.785277757533635,28.9326344578079,0.9165761991994135,27.60782158220964,bowl,20.0,0.75,466.34400000000005,3900:4.75:9.57;3850:7.32:12.14;3800:10.30:15.12;3750:13.59:18.41;3700:16.47:21.29;3650:18.68:23.49;3600:20.24:25.06;3550:21.29:26.11;3500:21.97:26.79;3450:22.36:27.18;3400:22.58:27.40;3350:22.70:27.52;3300:22.76:27.58;3250:22.79:27.60;3200:22.79:27.61;3150:22.79:27.61;3100:22.79:27.61;3050:22.79:27.61;3000:22.79:27.61
A_parcel_ring_3700,3950,3930,rcc,77.58771648758807,13.52405174301562,15.870580675264252,0.0,15.870580675264252,0.0,14.283522607737828,0.822806834204129,14.485298882934169,39.4872298073795,True,3750,15.581623605695468,2.767717209110666,109.2592775633454,25.309990571240192,27.339074545243218,3400,37.82198178343844,2.767717209110666,114.02593615791008,47.55034874898316,51.362426447441536,2.647944965827204,49.21559677292422,bowl,20.0,0.75,466.34400000000005,3900:4.76:14.49;3850:7.40:17.13;3800:10.88:20.60;3750:15.58:25.31;3700:20.74:30.47;3650:25.24:34.96;3600:29.04:38.77;3550:32.17:41.90;3500:34.65:44.38;3450:36.52:46.25;3400:37.82:47.55;3350:38.65:48.38;3300:39.13:48.85;3250:39.35:49.08;3200:39.44:49.17;3150:39.48:49.21;3100:39.49:49.22;3050:39.49:49.22;3000:39.49:49.22
A_parcel_ring_3700,4000,3980,cfrd,92.82771648758808,65.25910394516498,88.3807686431466,88.3807686431466,0.0,0.0,73.65064053595549,12.075040771408183,8.996559061346883,15.525126804366378,False,,,,,,,3600,14.905830378574226,2.756625443428809,63.22951621751184,21.145763996492303,23.58744295065744,0.20238561769598395,21.765060422284453,bowl,20.0,0.75,481.584,3950:2.76:9.00;3900:4.68:10.92;3850:7.01:13.25;3800:9.36:15.60;3750:11.49:17.73;3700:13.10:19.34;3650:14.22:20.46;3600:14.91:21.15;3550:15.29:21.53;3500:15.46:21.70;3450:15.52:21.76;3400:15.53:21.76;3350:15.53:21.77;3300:15.53:21.77;3250:15.53:21.77;3200:15.53:21.77;3150:15.53:21.77;3100:15.53:21.77;3050:15.53:21.77;3000:15.53:21.77
A_parcel_ring_3700,4000,3980,combo,92.82771648758808,37.75489886947425,37.671332191201294,26.862597213953876,10.808734977247417,0.0,32.11335915781757,8.611046000852438,12.46055383190263,18.69636163856041,False,,,,,,,3550,17.785369798349425,2.756625443428809,72.62000662241837,27.48929818682324,30.663458309799644,0.5538308748999188,28.400290027034238,bowl,20.0,0.75,481.584,3950:2.76:12.46;3900:4.68:14.38;3850:7.05:16.75;3800:9.62:19.32;3750:12.27:21.97;3700:14.47:24.17;3650:16.05:25.76;3600:17.11:26.81;3550:17.79:27.49;3500:18.20:27.90;3450:18.44:28.14;3400:18.58:28.28;3350:18.65:28.36;3300:18.69:28.39;3250:18.70:28.40;3200:18.70:28.40;3150:18.70:28.40;3100:18.70:28.40;3050:18.70:28.40;3000:18.70:28.40
A_parcel_ring_3700,4000,3980,rcc,92.82771648758808,18.747050681564474,22.239715206547956,0.0,22.239715206547956,0.0,20.015743685893163,1.0278008312420512,20.051669945578624,39.35358557067329,True,3700,20.68393645923196,2.765186285145123,113.81639097967313,37.97042011966545,42.35482428223789,3400,37.710808113196926,2.765186285145123,113.81639097967313,54.99729177363042,61.347770757602255,1.8840573053388474,56.640069231106786,bowl,20.0,0.75,481.584,3950:2.77:20.05;3900:4.75:22.03;3850:7.38:24.67;3800:10.84:28.13;3750:15.54:32.83;3700:20.68:37.97;3650:25.17:42.46;3600:28.96:46.25;3550:32.08:49.37;3500:34.56:51.85;3450:36.42:53.70;3400:37.71:55.00;3350:38.53:55.82;3300:39.00:56.29;3250:39.22:56.51;3200:39.31:56.60;3150:39.35:56.63;3100:39.35:56.64;3050:39.35:56.64;3000:39.35:56.64
A_parcel_ring_3700,4050,4030,cfrd,108.06771648758809,83.82084217067913,114.1662253577195,114.1662253577195,0.0,0.0,95.13852113143292,17.230689630511957,10.472027468826946,11.905840677888389,False,,,,,,,3650,11.270879487551436,2.6574688951048127,50.990891703691254,20.370015008759836,23.441173449909396,0.11846809634533659,21.004976199096795,bowl,20.0,0.75,496.824,4000:1.37:10.47;3950:2.66:11.76;3900:4.41:13.51;3850:6.35:15.45;3800:8.15:17.25;3750:9.61:18.71;3700:10.63:19.73;3650:11.27:20.37;3600:11.64:20.74;3550:11.83:20.93;3500:11.90:21.00;3450:11.91:21.00;3400:11.91:21.00;3350:11.91:21.00;3300:11.91:21.00;3250:11.91:21.00;3200:11.91:21.00;3150:11.91:21.00;3100:11.91:21.00;3050:11.91:21.00;3000:11.91:21.00
A_parcel_ring_3700,4050,4030,combo,108.06771648758809,49.96162749746175,48.730447637232345,34.09499995626982,14.635447680962534,0.0,41.58440287642446,12.358075452631741,15.344641646707162,14.441380154917889,False,,,,,,,3600,13.497445640362574,2.6574688951048127,57.114651853535825,27.469195339451193,31.610687189214826,0.3245795227713781,28.413129854006513,bowl,20.0,0.75,496.824,4000:1.37:15.34;3950:2.66:16.63;3900:4.42:18.39;3850:6.44:20.42;3800:8.51:22.48;3750:10.36:24.33;3700:11.81:25.78;3650:12.82:26.79;3600:13.50:27.47;3550:13.94:27.91;3500:14.20:28.17;3450:14.34:28.31;3400:14.41:28.38;3350:14.44:28.41;3300:14.44:28.41;3250:14.44:28.41;3200:14.44:28.41;3150:14.44:28.41;3100:14.44:28.41;3050:14.44:28.41;3000:14.44:28.41
A_parcel_ring_3700,4050,4030,rcc,108.06771648758809,24.809067864241896,29.679727355600797,0.0,29.679727355600797,0.0,26.71175462004072,1.246837018699489,26.465436631476976,39.19558226891735,True,3600,28.854188905886247,2.747026897112524,113.50503847427387,53.93531490300756,62.06706628214,3450,36.27707491915645,2.747026897112524,113.50503847427387,61.35820091627777,70.60909035336168,1.358094046429255,64.27670826603867,bowl,20.0,0.75,496.824,4000:1.38:26.47;3950:2.75:27.83;3900:4.71:29.79;3850:7.33:32.42;3800:10.78:35.86;3750:15.47:40.55;3700:20.60:45.68;3650:25.07:50.16;3600:28.85:53.94;3550:31.96:57.05;3500:34.43:59.51;3450:36.28:61.36;3400:37.56:62.64;3350:38.38:63.46;3300:38.84:63.92;3250:39.06:64.14;3200:39.15:64.23;3150:39.19:64.27;3100:39.20:64.28;3050:39.20:64.28;3000:39.20:64.28
A_parcel_ring_3700,4120,4100,cfrd,129.4037164875881,114.35267444714667,155.09677418255984,155.09677418255984,0.0,0.0,129.2473118187999,27.1032591343429,11.15903162346847,7.067295427713091,False,,,,,,,3720,6.540093546132626,2.313811098429267,30.98303375950737,17.335505886825096,20.80586787284743,0.05060138933722354,17.86270776840556,bowl,20.0,0.75,518.1600000000001,4070:0.36:11.16;4020:0.91:11.71;3970:1.84:12.64;3920:3.08:13.87;3870:4.28:15.08;3820:5.28:16.08;3770:6.03:16.83;3720:6.54:17.34;3670:6.85:17.65;3620:7.01:17.81;3570:7.06:17.86;3520:7.07:17.86;3470:7.07:17.86;3420:7.07:17.86;3370:7.07:17.86;3320:7.07:17.86;3270:7.07:17.86;3220:7.07:17.86;3170:7.07:17.86;3120:7.07:17.86;3070:7.07:17.86;3020:7.07:17.86;2970:7.07:17.86
A_parcel_ring_3700,4120,4100,combo,129.4037164875881,71.01275723876817,67.1091261198456,46.13097801588769,20.978148103957913,0.0,57.32281497346853,19.715789518384298,18.54650123942707,9.137376460367443,False,,,,,,,3670,8.270513824886146,2.3138108574013225,37.104817068047815,26.453395781537218,31.749050821591172,0.144279617613233,27.320258417018515,bowl,20.0,0.75,518.1600000000001,4070:0.36:18.55;4020:0.91:19.10;3970:1.84:20.03;3920:3.08:21.26;3870:4.39:22.57;3820:5.63:23.82;3770:6.73:24.91;3720:7.63:25.81;3670:8.27:26.45;3620:8.69:26.88;3570:8.94:27.12;3520:9.06:27.24;3470:9.12:27.30;3420:9.14:27.32;3370:9.14:27.32;3320:9.14:27.32;3270:9.14:27.32;3220:9.14:27.32;3170:9.14:27.32;3120:9.14:27.32;3070:9.14:27.32;3020:9.14:27.32;2970:9.14:27.32
A_parcel_ring_3700,4120,4100,rcc,129.4037164875881,34.74714771950463,41.87309600624718,0.0,41.87309600624718,0.0,37.68578640562246,1.5844808447630416,36.68744060542517,39.01447306706019,True,3370,37.93330692459891,2.7154736732084523,113.2043114908843,74.24587239622922,89.10901252407281,3470,35.45811233534235,2.7154736732084523,113.2043114908843,71.77067780697266,86.13831343286269,0.9408882158832234,75.32703853869047,bowl,20.0,0.75,518.1600000000001,4070:0.37:36.69;4020:0.98:37.30;3970:2.10:38.42;3920:3.81:40.12;3870:6.14:42.46;3820:9.23:45.54;3770:13.37:49.68;3720:18.51:54.83;3670:23.27:59.58;3620:27.31:63.62;3570:30.67:66.98;3520:33.38:69.69;3470:35.46:71.77;3420:36.95:73.26;3370:37.93:74.25;3320:38.52:74.83;3270:38.82:75.14;3220:38.95:75.26;3170:39.00:75.31;3120:39.01:75.33;3070:39.01:75.33;3020:39.01:75.33;2970:39.01:75.33
