site,E,N,z_floor_ft,acc_ha,valley_grade_tan,ux,uy,vx,vy,crest_ft,nwl_ft,H_max_m,abut_L,abut_R,dam_len_m,fill_cfrd_Mm3,fill_rcc_Mm3,gross_Mm3,water_acre,water_out_acre,spill,abut_in_parcel,eff_cfrd,head_m
0,686366.0,4356322.0,3536.2484532287035,29.8976,0.0,0.9647482112763947,0.2631746356300265,0.25445818555088096,0.9670837770359678,3650.0,3630.0,34.67147145589115,70.0,96.0,166.0,0.17755778314877507,0.06236821096332384,509.41443270207077,678.6027754281812,250.98394753467397,True,True,2869.0064928059733,374.904
0,686366.0,4356322.0,3536.2484532287035,29.8976,0.0,0.9647482112763947,0.2631746356300265,0.25445818555088096,0.9670837770359678,3700.0,3680.0,49.91147145589116,98.0,122.0,220.0,0.4202071432119931,0.14122317079786353,552.1351874646477,706.8676773819215,260.24743407511505,True,True,1313.9595468183115,390.144
0,686366.0,4356322.0,3536.2484532287035,29.8976,0.0,0.9647482112763947,0.2631746356300265,0.25445818555088096,0.9670837770359678,3750.0,3730.0,65.15147145589117,124.0,150.0,274.0,0.8129952947599057,0.26560025967989925,596.6664817501968,737.951557527439,270.4202684193553,True,True,733.9113591381912,405.384
0,686366.0,4356322.0,3536.2484532287035,29.8976,0.0,0.9647482112763947,0.2631746356300265,0.25445818555088096,0.9670837770359678,3800.0,3780.0,80.39147145589118,152.0,174.0,326.0,1.3890629925859692,0.4448692938706315,643.2795262322995,774.218720154612,283.09183238099155,True,True,463.10320674135085,420.624
0,686366.0,4356322.0,3536.2484532287035,29.8976,0.0,0.9647482112763947,0.2631746356300265,0.25445818555088096,0.9670837770359678,3850.0,3830.0,95.63147145589119,226.0,198.0,424.0,2.1865365312105056,0.69055395210014,692.3104629200758,815.4279904111282,301.5476391120112,True,True,316.6242379388925,435.86400000000003
0,686366.0,4356322.0,3536.2484532287035,29.8976,0.0,0.9647482112763947,0.2631746356300265,0.25445818555088096,0.9670837770359678,3900.0,3880.0,110.8714714558912,370.0,228.0,598.0,3.30701089562363,1.0377575645498105,743.4356671396966,840.8778678591946,314.057101943405,True,True,224.80593218592978,451.10400000000004
1,686398.0,4356318.0,3562.7106377041737,29.3104,0.22246673112847476,-0.6035561694627487,-0.7973204815527153,0.9922778767136677,-0.12403473458920847,3700.0,3680.0,41.84579762776775,144.0,64.0,208.0,0.30400967484579017,0.10268102545952677,0.09955594306152331,2.2536010789805476,0.0,False,True,0.3274762328272065,390.144
1,686398.0,4356318.0,3562.7106377041737,29.3104,0.22246673112847476,-0.6035561694627487,-0.7973204815527153,0.9922778767136677,-0.12403473458920847,3750.0,3730.0,57.08579762776776,166.0,92.0,258.0,0.693541623980612,0.2246152699206647,0.31016263976464836,4.760238068583473,0.0,False,True,0.4472156090422612,405.384
1,686398.0,4356318.0,3562.7106377041737,29.3104,0.22246673112847476,-0.6035561694627487,-0.7973204815527153,0.9922778767136677,-0.12403473458920847,3800.0,3780.0,72.32579762776777,190.0,126.0,316.0,1.297476152552729,0.41000277311956757,0.7035597937558595,8.148547059261244,0.0,False,True,0.5422525819620158,420.624
1,686398.0,4356318.0,3562.7106377041737,29.3104,0.22246673112847476,-0.6035561694627487,-0.7973204815527153,0.9922778767136677,-0.12403473458920847,3850.0,3830.0,87.56579762776778,212.0,518.0,730.0,2.4800607323470985,0.7842094889826275,1.5155059456064466,18.269983484156334,0.0,False,True,0.6110761425476023,435.86400000000003
2,686426.0,4356306.0,3587.7371182000848,28.7072,0.2495263023168036,-0.7482029277778399,-0.6634699532493302,0.9486832980505138,-0.31622776601683794,3700.0,3680.0,34.21772637261415,154.0,54.0,208.0,0.19283672472053992,0.06712667859594251,0.04012722327441399,1.316577472457057,0.0,False,True,0.2080891144182551,390.144
2,686426.0,4356306.0,3587.7371182000848,28.7072,0.2495263023168036,-0.7482029277778399,-0.6634699532493302,0.9486832980505138,-0.31622776601683794,3750.0,3730.0,49.45772637261416,176.0,78.0,254.0,0.5302879763489942,0.17351007089725604,0.18585546102636716,3.5820396097480285,0.0,False,True,0.3504802471780948,405.384
2,686426.0,4356306.0,3587.7371182000848,28.7072,0.2495263023168036,-0.7482029277778399,-0.6634699532493302,0.9486832980505138,-0.31622776601683794,3800.0,3780.0,64.69772637261417,198.0,106.0,304.0,1.0816048156673121,0.34251021039887447,0.49841080310351576,6.693590573182575,0.0,False,True,0.4608067529692107,420.624
2,686426.0,4356306.0,3587.7371182000848,28.7072,0.2495263023168036,-0.7482029277778399,-0.6634699532493302,0.9486832980505138,-0.31622776601683794,3850.0,3830.0,79.93772637261418,220.0,268.0,488.0,1.9613118814921917,0.6122110232348353,1.0409705004306646,11.113811636867228,0.0,False,True,0.5307521512788067,435.86400000000003
2,686426.0,4356306.0,3587.7371182000848,28.7072,0.2495263023168036,-0.7482029277778399,-0.6634699532493302,0.9486832980505138,-0.31622776601683794,3900.0,3880.0,95.17772637261419,242.0,474.0,716.0,3.3053743710550805,1.0226039282035102,2.038758315165041,19.94239270592611,0.0,False,True,0.6168010295651521,451.10400000000004
3,686454.0,4356286.0,3624.7625515043105,27.3936,0.30665929144806037,-0.8682545587839927,-0.49611895866900146,0.8637789008984335,-0.5038710255240862,3750.0,3730.0,38.172374301486116,188.0,58.0,246.0,0.33893015422191675,0.11168288874001271,0.09602260011230467,2.431516953636907,0.0,False,True,0.28331087959035134,405.384
3,686454.0,4356286.0,3624.7625515043105,27.3936,0.30665929144806037,-0.8682545587839927,-0.49611895866900146,0.8637789008984335,-0.5038710255240862,3800.0,3780.0,53.412374301486125,210.0,82.0,292.0,0.8192268059926496,0.2573787001764512,0.33013488380371103,5.297939378656025,0.0,False,True,0.40298349784061277,420.624
3,686454.0,4356286.0,3624.7625515043105,27.3936,0.30665929144806037,-0.8682545587839927,-0.49611895866900146,0.8637789008984335,-0.5038710255240862,3850.0,3830.0,68.65237430148613,232.0,124.0,356.0,1.5688247066934489,0.47989201079767924,0.7766091026816412,9.354421320821011,0.0,False,True,0.4950260531773943,435.86400000000003
3,686454.0,4356286.0,3624.7625515043105,27.3936,0.30665929144806037,-0.8682545587839927,-0.49611895866900146,0.8637789008984335,-0.5038710255240862,3900.0,3880.0,83.89237430148614,254.0,308.0,562.0,2.69563611306306,0.8152315891824748,1.5090819175341814,14.747249165960428,0.0,False,True,0.5598240468070472,451.10400000000004
3,686454.0,4356286.0,3624.7625515043105,27.3936,0.30665929144806037,-0.8682545587839927,-0.49611895866900146,0.8637789008984335,-0.5038710255240862,3950.0,3930.0,99.13237430148615,276.0,350.0,626.0,4.337066171331111,1.2969379572741235,2.682760964314456,23.259535346741337,0.0,False,True,0.6185658365205611,466.34400000000005
3,686454.0,4356286.0,3624.7625515043105,27.3936,0.30665929144806037,-0.8682545587839927,-0.49611895866900146,0.8637789008984335,-0.5038710255240862,4000.0,3980.0,114.37237430148616,304.0,450.0,754.0,6.577411772968683,1.949670974323597,4.435023678636725,34.136125817400085,1.0714489340416289,False,False,0.6742809834201696,481.584
4,686478.0,4356262.0,3660.0367478498283,26.9488,0.31733875946356044,-0.843489400804617,-0.5371458188706937,0.7371541402007414,-0.6757246285173463,3800.0,3780.0,42.66079925537224,214.0,66.0,280.0,0.3851331770143871,0.12570128508346595,0.07931425375585942,1.684270280080199,0.0,False,True,0.2059398111861356,420.624
4,686478.0,4356262.0,3660.0367478498283,26.9488,0.31733875946356044,-0.843489400804617,-0.5371458188706937,0.7371541402007414,-0.6757246285173463,3850.0,3830.0,57.90079925537225,236.0,98.0,334.0,0.932642374968574,0.29121715152191063,0.4216430990390629,6.567072617871386,0.0,False,True,0.45209515496577174,435.86400000000003
4,686478.0,4356262.0,3660.0367478498283,26.9488,0.31733875946356044,-0.843489400804617,-0.5371458188706937,0.7371541402007414,-0.6757246285173463,3900.0,3880.0,73.14079925537226,260.0,290.0,550.0,1.8099957406164775,0.5523547380169529,0.9642865984863292,11.268005394902739,0.0,False,True,0.5327562804970452,451.10400000000004
4,686478.0,4356262.0,3660.0367478498283,26.9488,0.31733875946356044,-0.843489400804617,-0.5371458188706937,0.7371541402007414,-0.6757246285173463,3950.0,3930.0,88.38079925537227,286.0,332.0,618.0,3.169328445814783,0.9540659345459692,1.8694737914443385,18.637676291779478,0.0,False,True,0.5898643272246045,466.34400000000005
4,686478.0,4356262.0,3660.0367478498283,26.9488,0.31733875946356044,-0.843489400804617,-0.5371458188706937,0.7371541402007414,-0.6757246285173463,4000.0,3980.0,103.62079925537228,314.0,434.0,748.0,5.116224991874541,1.5222310391243221,3.3184333538261765,28.814464322123214,0.8302740817296755,False,False,0.6486097384490379,481.584
5,686506.0,4356246.0,3690.7375766223468,26.2816,0.30735321044921876,-0.9196152422706632,-0.3928203230275511,0.8,-0.6,3800.0,3780.0,33.30318664550873,232.0,56.0,288.0,0.29187662465505754,0.09741035509168121,0.03438385634277346,0.9686530953512881,0.0,False,True,0.11780270648055018,420.624
5,686506.0,4356246.0,3690.7375766223468,26.2816,0.30735321044921876,-0.9196152422706632,-0.3928203230275511,0.8,-0.6,3850.0,3830.0,48.54318664550874,256.0,84.0,340.0,0.7746506395673498,0.24593042860199105,0.3166689691318363,5.479808939415858,0.0,False,True,0.4087893986748647,435.86400000000003
5,686506.0,4356246.0,3690.7375766223468,26.2816,0.30735321044921876,-0.9196152422706632,-0.3928203230275511,0.8,-0.6,3900.0,3880.0,63.78318664550875,278.0,118.0,396.0,1.5679637976592733,0.48272703684962925,0.784751922798829,9.907937375307462,0.0,False,True,0.5004910980536298,451.10400000000004
5,686506.0,4356246.0,3690.7375766223468,26.2816,0.30735321044921876,-0.9196152422706632,-0.3928203230275511,0.8,-0.6,3950.0,3930.0,79.02318664550876,302.0,200.0,502.0,2.7247285893187607,0.8230357614049988,1.5637695288916034,15.656596969759596,0.0,False,True,0.5739175399053521,466.34400000000005
5,686506.0,4356246.0,3690.7375766223468,26.2816,0.30735321044921876,-0.9196152422706632,-0.3928203230275511,0.8,-0.6,4000.0,3980.0,94.26318664550877,330.0,350.0,680.0,4.371676011707279,1.307199035903937,2.7675240332841837,23.832819831745162,0.05139791934517039,False,False,0.6330578995041715,481.584
6,686534.0,4356230.0,3720.4736368619274,25.5504,0.2870837683554176,-0.8682545587839927,-0.49611895866900146,0.8637789008984335,-0.5038710255240862,3850.0,3830.0,39.47963548448456,266.0,68.0,334.0,0.3668427725098334,0.12236598252314988,0.06858027355175791,1.7079923967010469,0.0,False,True,0.18694732100772024,435.86400000000003
6,686534.0,4356230.0,3720.4736368619274,25.5504,0.2870837683554176,-0.8682545587839927,-0.49611895866900146,0.8637789008984335,-0.5038710255240862,3900.0,3880.0,54.71963548448457,292.0,98.0,390.0,0.9250127577007006,0.2954624934448418,0.3879977132900397,6.51962838462969,0.0,False,True,0.4194512022239386,451.10400000000004
6,686534.0,4356230.0,3720.4736368619274,25.5504,0.2870837683554176,-0.8682545587839927,-0.49611895866900146,0.8637789008984335,-0.5038710255240862,3950.0,3930.0,69.95963548448458,316.0,170.0,486.0,1.829275097579096,0.5679605358576871,0.9423662380839859,11.754308785630121,0.0,False,True,0.5151582937586231,466.34400000000005
6,686534.0,4356230.0,3720.4736368619274,25.5504,0.2870837683554176,-0.8682545587839927,-0.49611895866900146,0.8637789008984335,-0.5038710255240862,4000.0,3980.0,85.19963548448459,344.0,330.0,674.0,3.210090986417107,0.9824806691190312,1.8872887406279328,19.365154534818814,0.05139791934517039,False,False,0.5879237531314963,481.584
6,686534.0,4356230.0,3720.4736368619274,25.5504,0.2870837683554176,-0.8682545587839927,-0.49611895866900146,0.8637789008984335,-0.5038710255240862,4050.0,4030.0,100.4396354844846,378.0,372.0,750.0,5.182417484331036,1.565780669214415,3.431394584142584,30.431521938444344,2.3998874648091095,False,False,0.6621223771564827,496.824
7,686282.0,4356662.0,3426.4231743288296,24.3584,0.5082980184893169,-0.5701923743452474,-0.8215112027468215,0.9965457582448796,-0.08304547985373997,3550.0,3530.0,37.6662164645727,230.0,64.0,294.0,1.442837355171011,0.35060758094227606,0.49679673324267465,6.891274878356307,0.0,False,True,0.34431928967058956,344.42400000000004
7,686282.0,4356662.0,3426.4231743288296,24.3584,0.5082980184893169,-0.5701923743452474,-0.8215112027468215,0.9965457582448796,-0.08304547985373997,3600.0,3580.0,52.90621646457271,252.0,88.0,340.0,2.66124773180698,0.6320809992982128,1.0668587646000962,11.655466633043254,0.0,False,True,0.4008866787744341,359.66400000000004
7,686282.0,4356662.0,3426.4231743288296,24.3584,0.5082980184893169,-0.5701923743452474,-0.8215112027468215,0.9965457582448796,-0.08304547985373997,3650.0,3630.0,68.14621646457272,274.0,116.0,390.0,4.3915939064060945,1.0268954875001328,1.964832163997557,17.716467429669887,0.0,False,True,0.4474075258031992,374.904
7,686282.0,4356662.0,3426.4231743288296,24.3584,0.5082980184893169,-0.5701923743452474,-0.8215112027468215,0.9965457582448796,-0.08304547985373997,3700.0,3680.0,83.38621646457273,298.0,156.0,454.0,6.691377697570343,1.5477846451826711,3.281629144382323,25.343127923272476,0.0,False,True,0.49042652988694563,390.144
7,686282.0,4356662.0,3426.4231743288296,24.3584,0.5082980184893169,-0.5701923743452474,-0.8215112027468215,0.9965457582448796,-0.08304547985373997,3750.0,3730.0,98.62621646457274,322.0,206.0,528.0,9.661090843151792,2.217438319208975,5.14848130266748,35.89551613344631,0.0,False,True,0.5329089008946595,405.384
8,686314.0,4356662.0,3477.5748938435045,24.048,0.4721866253315284,-0.5701923743452474,-0.8215112027468215,0.9965457582448796,-0.08304547985373997,3600.0,3580.0,37.315172356499716,264.0,66.0,330.0,1.5953949596477908,0.41535979106902665,0.792020296158202,9.631179348064236,0.0,False,True,0.49644151836423833,359.66400000000004
8,686314.0,4356662.0,3477.5748938435045,24.048,0.4721866253315284,-0.5701923743452474,-0.8215112027468215,0.9965457582448796,-0.08304547985373997,3650.0,3630.0,52.555172356499725,286.0,94.0,380.0,2.864048214360196,0.7306012478547805,1.555567508599608,15.383792628619846,0.0,False,True,0.5431359363295873,374.904
8,686314.0,4356662.0,3477.5748938435045,24.048,0.4721866253315284,-0.5701923743452474,-0.8215112027468215,0.9965457582448796,-0.08304547985373997,3700.0,3680.0,67.79517235649973,310.0,130.0,440.0,4.633894408077328,1.1655107277729055,2.717753644122069,22.65857505901319,0.0,False,True,0.5864945129920872,390.144
8,686314.0,4356662.0,3477.5748938435045,24.048,0.4721866253315284,-0.5701923743452474,-0.8215112027468215,0.9965457582448796,-0.08304547985373997,3750.0,3730.0,83.03517235649974,332.0,182.0,514.0,6.972024380459845,1.7364464708961755,4.404832658015624,32.72861356456311,0.0,False,True,0.6317867548428021,405.384
9,686558.0,4356206.0,3754.5433528362787,23.672,0.27754669189453124,-0.7866107318554576,-0.6174492339697423,0.8,-0.6,3900.0,3880.0,44.33518605550216,90.0,88.0,178.0,0.2281934566764059,0.07555823920914023,0.13043370099316431,2.7161823530870812,0.0,False,True,0.5715926428956652,451.10400000000004
9,686558.0,4356206.0,3754.5433528362787,23.672,0.27754669189453124,-0.7866107318554576,-0.6174492339697423,0.8,-0.6,3950.0,3930.0,59.57518605550217,294.0,142.0,436.0,0.8068178016180708,0.2609347207167547,0.3805339649785164,5.68540061679654,0.0,False,True,0.47164795349750166,466.34400000000005
9,686558.0,4356206.0,3754.5433528362787,23.672,0.27754669189453124,-0.7866107318554576,-0.6174492339697423,0.8,-0.6,4000.0,3980.0,74.81518605550218,324.0,326.0,650.0,1.7413864155969023,0.5507856959905181,1.0698464995205101,13.81417924554041,0.05139791934517039,False,False,0.6143647899962481,481.584
9,686558.0,4356206.0,3754.5433528362787,23.672,0.27754669189453124,-0.7866107318554576,-0.6174492339697423,0.8,-0.6,4050.0,4030.0,90.05518605550219,362.0,414.0,776.0,3.2569762515074294,1.0087975971099477,2.26496692942481,24.457502236094157,2.6371086310175884,False,False,0.695420154929442,496.824
10,686262.0,4356466.0,3416.429996907658,23.4672,0.19151444159868258,-0.8345119301206996,-0.5509898714915044,0.31622776601683794,-0.9486832980505138,3550.0,3530.0,40.71213694254584,60.0,72.0,132.0,0.16084525013563608,0.05499285297111579,0.11007345576660117,2.3919800926021604,0.0,False,True,0.6843438377805963,344.42400000000004
10,686262.0,4356466.0,3416.429996907658,23.4672,0.19151444159868258,-0.8345119301206996,-0.5509898714915044,0.31622776601683794,-0.9486832980505138,3600.0,3580.0,55.95213694254585,82.0,98.0,180.0,0.38363692067899124,0.12614442676962825,0.3416212784619135,5.120023503999666,0.0,False,True,0.8904807124853491,359.66400000000004
10,686262.0,4356466.0,3416.429996907658,23.4672,0.19151444159868258,-0.8345119301206996,-0.5509898714915044,0.31622776601683794,-0.9486832980505138,3650.0,3630.0,71.19213694254586,102.0,124.0,226.0,0.7456113131084607,0.23925279587536433,0.7574780636367181,8.516239866884385,0.0,False,True,1.0159154646927027,374.904
10,686262.0,4356466.0,3416.429996907658,23.4672,0.19151444159868258,-0.8345119301206996,-0.5509898714915044,0.31622776601683794,-0.9486832980505138,3700.0,3680.0,86.43213694254587,126.0,152.0,278.0,1.2935674328102151,0.40795146282724715,1.4067698529882806,12.691332392153612,0.0,False,True,1.0875118044152816,390.144
10,686262.0,4356466.0,3416.429996907658,23.4672,0.19151444159868258,-0.8345119301206996,-0.5509898714915044,0.31622776601683794,-0.9486832980505138,3750.0,3730.0,101.67213694254588,150.0,280.0,430.0,2.1448017444069634,0.6716199787135589,2.3796890458017574,19.238636579507624,0.0,False,True,1.1095146915127767,405.384
10,686262.0,4356466.0,3416.429996907658,23.4672,0.19151444159868258,-0.8345119301206996,-0.5509898714915044,0.31622776601683794,-0.9486832980505138,3800.0,3780.0,116.91213694254589,176.0,456.0,632.0,3.41301418977956,1.0638456156010536,3.867545737918946,29.846376395130097,0.0,False,True,1.133175991327696,420.624
11,686578.0,4356178.0,3781.6589557940233,23.4208,0.2568542998572828,-0.7682212795973759,-0.6401843996644799,0.6401843996644799,-0.7682212795973759,3900.0,3880.0,36.0703502739816,58.0,64.0,122.0,0.11847808370119883,0.040441413655878555,0.07055192136425799,1.7672976882531664,0.0,False,True,0.5954849973957175,451.10400000000004
11,686578.0,4356178.0,3781.6589557940233,23.4208,0.2568542998572828,-0.7682212795973759,-0.6401843996644799,0.6401843996644799,-0.7682212795973759,3950.0,3930.0,51.31035027398161,90.0,122.0,212.0,0.3279666078919064,0.10756354988586603,0.24547150604101614,4.096018803199732,0.0,False,True,0.7484649355580749,466.34400000000005
11,686578.0,4356178.0,3781.6589557940233,23.4208,0.2568542998572828,-0.7682212795973759,-0.6401843996644799,0.6401843996644799,-0.7682212795973759,4000.0,3980.0,66.55035027398162,316.0,206.0,522.0,0.9400989633656176,0.30519348926251555,0.618526666134767,8.409490342090571,0.05139791934517039,False,True,0.6579378238227175,481.584
11,686578.0,4356178.0,3781.6589557940233,23.4208,0.2568542998572828,-0.7682212795973759,-0.6401843996644799,0.6401843996644799,-0.7682212795973759,4050.0,4030.0,81.79035027398163,342.0,362.0,704.0,2.0483438651987993,0.6515253832972269,1.5281535936103554,18.74837950267677,2.051963087703341,False,False,0.7460434839938569,496.824
12,686274.0,4356438.0,3434.2283464166403,22.4896,0.2018195910347875,-0.9230769230769231,-0.38461538461538464,0.38461538461538464,-0.9230769230769231,3550.0,3530.0,35.287200012207904,54.0,68.0,122.0,0.1050004889854043,0.03670259496510093,0.061351489754882554,1.5972891858037568,0.0,False,True,0.5842971813532295,344.42400000000004
12,686274.0,4356438.0,3434.2283464166403,22.4896,0.2018195910347875,-0.9230769230769231,-0.38461538461538464,0.38461538461538464,-0.9230769230769231,3600.0,3580.0,50.52720001220791,74.0,90.0,164.0,0.28530442658663735,0.09503238530156273,0.23321643758984326,3.981361906198968,0.0,False,True,0.8174301407798988,359.66400000000004
12,686274.0,4356438.0,3434.2283464166403,22.4896,0.2018195910347875,-0.9230769230769231,-0.38461538461538464,0.38461538461538464,-0.9230769230769231,3650.0,3630.0,65.76720001220792,98.0,112.0,210.0,0.5994050811116574,0.1936422141672719,0.5678444176914056,7.0217465197709705,0.0,False,True,0.9473466868820677,374.904
12,686274.0,4356438.0,3434.2283464166403,22.4896,0.2018195910347875,-0.9230769230769231,-0.38461538461538464,0.38461538461538464,-0.9230769230769231,3700.0,3680.0,81.00720001220793,120.0,138.0,258.0,1.0842001335658842,0.3431094074950373,1.1132049919521478,10.80937780689968,0.0,False,True,1.0267523102869098,390.144
12,686274.0,4356438.0,3434.2283464166403,22.4896,0.2018195910347875,-0.9230769230769231,-0.38461538461538464,0.38461538461538464,-0.9230769230769231,3750.0,3730.0,96.24720001220794,146.0,168.0,314.0,1.7745554218750526,0.5536093045106065,1.9181297615810544,15.494495839517135,0.0,False,True,1.0809072164983704,405.384
12,686274.0,4356438.0,3434.2283464166403,22.4896,0.2018195910347875,-0.9230769230769231,-0.38461538461538464,0.38461538461538464,-0.9230769230769231,3800.0,3780.0,111.48720001220795,176.0,370.0,546.0,2.804736662188698,0.8706311609932514,3.105025440424805,23.109295274809302,0.0,False,True,1.1070648743193503,420.624
13,686602.0,4356158.0,3800.9837932925966,21.7936,0.19590656194788306,-0.7399400733959437,-0.6726727939963124,0.6726727939963124,-0.7399400733959437,3950.0,3930.0,45.42013980441652,80.0,98.0,178.0,0.23076397995566775,0.07787911672514375,0.15477755027734413,3.000847752537256,0.0,False,True,0.6707179790670909,466.34400000000005
13,686602.0,4356158.0,3800.9837932925966,21.7936,0.19590656194788306,-0.7399400733959437,-0.6726727939963124,0.6726727939963124,-0.7399400733959437,4000.0,3980.0,60.66013980441653,110.0,142.0,252.0,0.5245000887254437,0.17198027642871122,0.4408539284150402,6.729173748113847,0.05139791934517039,False,True,0.8405221236212428,481.584
13,686602.0,4356158.0,3800.9837932925966,21.7936,0.19590656194788306,-0.7399400733959437,-0.6726727939963124,0.6726727939963124,-0.7399400733959437,4050.0,4030.0,75.90013980441654,370.0,350.0,720.0,1.2732473793958554,0.41931636346006534,1.0188802259443386,12.066649987804617,1.2137816337667162,False,False,0.8002217341517626,496.824
13,686602.0,4356158.0,3800.9837932925966,21.7936,0.19590656194788306,-0.7399400733959437,-0.6726727939963124,0.6726727939963124,-0.7399400733959437,4100.0,4080.0,91.14013980441655,406.0,432.0,838.0,2.554227607199491,0.8220245126556331,2.1920575110927794,23.382099615949052,6.282407218421212,False,False,0.8582075868705363,512.0640000000001
14,686626.0,4356138.0,3825.9688700277943,21.2448,0.21794252958225874,-0.8172009432361134,-0.5763528592572496,0.7682212795973759,-0.6401843996644799,3950.0,3930.0,37.80468841552829,80.0,66.0,146.0,0.15460110612580275,0.05311736257188393,0.08861688490722683,2.0559167738068154,0.0,False,True,0.5731969655839143,466.34400000000005
14,686626.0,4356138.0,3825.9688700277943,21.2448,0.21794252958225874,-0.8172009432361134,-0.5763528592572496,0.7682212795973759,-0.6401843996644799,4000.0,3980.0,53.0446884155283,112.0,114.0,226.0,0.3965349152995078,0.13094316092664063,0.2995256643378915,5.187236167758734,0.05139791934517039,False,True,0.7553576060550835,481.584
14,686626.0,4356138.0,3825.9688700277943,21.2448,0.21794252958225874,-0.8172009432361134,-0.5763528592572496,0.7682212795973759,-0.6401843996644799,4050.0,4030.0,68.28468841552831,370.0,152.0,522.0,1.0093611144327057,0.33040619584044195,0.7631407700195334,9.884215258686613,1.2137816337667162,False,True,0.7560631761096163,496.824
14,686626.0,4356138.0,3825.9688700277943,21.2448,0.21794252958225874,-0.8172009432361134,-0.5763528592572496,0.7682212795973759,-0.6401843996644799,4100.0,4080.0,83.52468841552832,404.0,316.0,720.0,2.0260858542537057,0.6487777061535521,1.7231448336201218,18.9460638078505,4.428128435891603,False,False,0.8504796724198196,512.0640000000001
15,686286.0,4356406.0,3459.7739522538463,21.1728,0.2343743017663087,-0.9911696262293404,-0.132600045401161,0.38461538461538464,-0.9230769230769231,3600.0,3580.0,42.740899353027544,72.0,72.0,144.0,0.1896361193870769,0.0638250662446194,0.14525522870410124,2.878283483329542,0.0,False,True,0.7659681561380861,359.66400000000004
15,686286.0,4356406.0,3459.7739522538463,21.1728,0.2343743017663087,-0.9911696262293404,-0.132600045401161,0.38461538461538464,-0.9230769230769231,3650.0,3630.0,57.98089935302755,96.0,96.0,192.0,0.4469721282953628,0.14485604878943098,0.39941678150488236,5.519345800450605,0.0,False,True,0.893605565582256,374.904
15,686286.0,4356406.0,3459.7739522538463,21.1728,0.2343743017663087,-0.9911696262293404,-0.132600045401161,0.38461538461538464,-0.9230769230769231,3700.0,3680.0,73.22089935302756,122.0,120.0,242.0,0.8633520711628698,0.27327654089042125,0.840119743530273,8.895793732817951,0.0,False,True,0.9730905520371259,390.144
15,686286.0,4356406.0,3459.7739522538463,21.1728,0.2343743017663087,-0.9911696262293404,-0.132600045401161,0.38461538461538464,-0.9230769230769231,3750.0,3730.0,88.46089935302757,154.0,148.0,302.0,1.4838097620479487,0.4619817437161483,1.5143026180146484,13.153913666260145,0.0,False,True,1.0205503810169125,405.384
16,686646.0,4356114.0,3847.0727592906583,20.472,0.22860185944919825,-0.7071067811865476,-0.7071067811865476,0.7071067811865476,-0.7071067811865476,3950.0,3930.0,31.372222968207325,62.0,66.0,128.0,0.0901378081264614,0.03188714313930283,0.04338342396289079,1.2375037503875639,0.0,False,True,0.4813010751495619,466.34400000000005
16,686646.0,4356114.0,3847.0727592906583,20.472,0.22860185944919825,-0.7071067811865476,-0.7071067811865476,0.7071067811865476,-0.7071067811865476,4000.0,3980.0,46.612222968207334,96.0,110.0,206.0,0.28140785507213245,0.09434943203339077,0.18842752261816473,3.858797636991254,0.05139791934517039,False,True,0.6695887098455928,481.584
16,686646.0,4356114.0,3847.0727592906583,20.472,0.22860185944919825,-0.7071067811865476,-0.7071067811865476,0.7071067811865476,-0.7071067811865476,4050.0,4030.0,61.85222296820734,136.0,150.0,286.0,0.6481657716659908,0.2103065536470213,0.5538298920380876,8.03389016226048,1.2137816337667162,False,True,0.8544571716808954,496.824
16,686646.0,4356114.0,3847.0727592906583,20.472,0.22860185944919825,-0.7071067811865476,-0.7071067811865476,0.7071067811865476,-0.7071067811865476,4100.0,4080.0,77.09222296820735,190.0,356.0,546.0,1.2999166499982715,0.4160818475691994,1.1898200164375032,12.738776625395307,4.0050840228198155,False,False,0.9153048516142056,512.0640000000001
17,686298.0,4356378.0,3476.0933333981247,20.312,0.17295252416935605,-0.9796977192661681,-0.20048037027267387,0.4472135954999579,-0.8944271909999159,3600.0,3580.0,37.766751980251456,62.0,60.0,122.0,0.12503950939166428,0.043395478407237224,0.0900450176025388,2.0756852043241887,0.0,False,True,0.7201325248365189,359.66400000000004
17,686298.0,4356378.0,3476.0933333981247,20.312,0.17295252416935605,-0.9796977192661681,-0.20048037027267387,0.4472135954999579,-0.8944271909999159,3650.0,3630.0,53.006751980251465,86.0,86.0,172.0,0.3159598761245429,0.10514934871938522,0.28404896592480433,4.356962086029059,0.0,False,True,0.8990032829764747,374.904
17,686298.0,4356378.0,3476.0933333981247,20.312,0.17295252416935605,-0.9796977192661681,-0.20048037027267387,0.4472135954999579,-0.8944271909999159,3700.0,3680.0,68.24675198025147,110.0,112.0,222.0,0.6416756352075654,0.20783444218954666,0.6423961360517575,7.381531955187163,0.0,False,True,1.0011228427645675,390.144
17,686298.0,4356378.0,3476.0933333981247,20.312,0.17295252416935605,-0.9796977192661681,-0.20048037027267387,0.4472135954999579,-0.8944271909999159,3750.0,3730.0,83.48675198025148,132.0,142.0,274.0,1.1408642685505115,0.36271201715113294,1.2118092426406248,11.264051708799265,0.0,False,True,1.0621852888602166,405.384
17,686298.0,4356378.0,3476.0933333981247,20.312,0.17295252416935605,-0.9796977192661681,-0.20048037027267387,0.4472135954999579,-0.8944271909999159,3800.0,3780.0,98.72675198025149,158.0,184.0,342.0,1.8549895935568865,0.5819400610949786,2.046840828322266,15.961030799727142,0.0,False,True,1.1034244264397788,420.624
18,686318.0,4356350.0,3497.8084558646588,19.32,0.15946777619735333,-0.8637789008984335,-0.5038710255240862,0.5038710255240862,-0.8637789008984335,3600.0,3580.0,31.1479826524519,50.0,48.0,98.0,0.0684505394812667,0.024544283303310873,0.050079438911132645,1.3640217056987527,0.0,False,True,0.7316149630177599,359.66400000000004
18,686318.0,4356350.0,3497.8084558646588,19.32,0.15946777619735333,-0.8637789008984335,-0.5038710255240862,0.5038710255240862,-0.8637789008984335,3650.0,3630.0,46.38798265245191,74.0,74.0,148.0,0.20160814448623413,0.06860115400512545,0.18787018359570287,3.2499299770561585,0.0,False,True,0.9318581056060993,374.904
18,686318.0,4356350.0,3497.8084558646588,19.32,0.15946777619735333,-0.8637789008984335,-0.5038710255240862,0.5038710255240862,-0.8637789008984335,3700.0,3680.0,61.62798265245192,96.0,102.0,198.0,0.45174088407275853,0.14866524557228203,0.4649760556728513,5.867270177556374,0.0,False,True,1.0292981487103148,390.144
18,686318.0,4356350.0,3497.8084558646588,19.32,0.15946777619735333,-0.8637789008984335,-0.5038710255240862,0.5038710255240862,-0.8637789008984335,3750.0,3730.0,76.86798265245193,120.0,132.0,252.0,0.8569716976051237,0.2757006925646608,0.9291463329648436,9.374189751338385,0.0,False,True,1.084220558930263,405.384
18,686318.0,4356350.0,3497.8084558646588,19.32,0.15946777619735333,-0.8637789008984335,-0.5038710255240862,0.5038710255240862,-0.8637789008984335,3800.0,3780.0,92.10798265245194,142.0,290.0,432.0,1.4877427655980853,0.47320100287901945,1.6374062879970708,13.754873953988291,0.0,False,True,1.100597714779557,420.624
18,686318.0,4356350.0,3497.8084558646588,19.32,0.15946777619735333,-0.8637789008984335,-0.5038710255240862,0.5038710255240862,-0.8637789008984335,3850.0,3830.0,107.34798265245195,164.0,374.0,538.0,2.444298595765606,0.7707863853481877,2.7495886109335945,22.006216851939875,0.0,False,True,1.1248988219757026,435.86400000000003
18,686318.0,4356350.0,3497.8084558646588,19.32,0.15946777619735333,-0.8637789008984335,-0.5038710255240862,0.5038710255240862,-0.8637789008984335,3900.0,3880.0,122.58798265245196,190.0,536.0,726.0,3.882895874667272,1.2169593777910608,4.419729605942386,32.45976290952684,0.0,False,True,1.138256020404131,451.10400000000004
19,686346.0,4356298.0,3542.020958482989,17.6064,0.23476133799329849,-0.74820292777784,-0.6634699532493302,0.4472135954999579,-0.8944271909999159,3650.0,3630.0,32.9120118543849,58.0,90.0,148.0,0.18305009357155655,0.06202425286272753,0.05969223058105455,1.5419375803551116,0.0,False,True,0.326097787858929,374.904
19,686346.0,4356298.0,3542.020958482989,17.6064,0.23476133799329849,-0.74820292777784,-0.6634699532493302,0.4472135954999579,-0.8944271909999159,3700.0,3680.0,48.15201185438491,80.0,116.0,196.0,0.44514616251744693,0.1446070630648194,0.210786248760742,3.4831974571611624,0.0,False,True,0.47352143297984856,390.144
19,686346.0,4356298.0,3542.020958482989,17.6064,0.23476133799329849,-0.74820292777784,-0.6634699532493302,0.4472135954999579,-0.8944271909999159,3750.0,3730.0,63.39201185438492,104.0,142.0,246.0,0.8668348970240445,0.2746814616251009,0.5062393405664062,6.286360904524686,0.0,False,True,0.5840089529210127,405.384
19,686346.0,4356298.0,3542.020958482989,17.6064,0.23476133799329849,-0.74820292777784,-0.6634699532493302,0.4472135954999579,-0.8944271909999159,3800.0,3780.0,78.63201185438493,128.0,176.0,304.0,1.4995808164315922,0.467101848810366,1.0028305922197267,9.97515003906653,0.0,False,True,0.6687406115304048,420.624
19,686346.0,4356298.0,3542.020958482989,17.6064,0.23476133799329849,-0.74820292777784,-0.6634699532493302,0.4472135954999579,-0.8944271909999159,3850.0,3830.0,93.87201185438494,150.0,518.0,668.0,2.5324744645053676,0.7880261931852091,1.8422015135996106,17.281561958287675,0.0,False,True,0.7274314270171415,435.86400000000003
19,686346.0,4356298.0,3542.020958482989,17.6064,0.23476133799329849,-0.74820292777784,-0.6634699532493302,0.4472135954999579,-0.8944271909999159,3900.0,3880.0,109.11201185438495,172.0,580.0,752.0,4.091045361977129,1.2635906675737485,3.2579307344726587,28.565382097604314,0.0,False,True,0.7963565412284157,451.10400000000004
20,686334.0,4356270.0,3572.6326052180984,17.0912,0.20395552039746764,-0.9796977192661682,-0.20048037027267374,-0.31622776601683794,-0.9486832980505138,3700.0,3680.0,38.82158192952352,58.0,154.0,212.0,0.2509561308225924,0.08637948001122583,0.06936419482714834,1.7910198048740142,0.0,False,True,0.27639968228623896,390.144
20,686334.0,4356270.0,3572.6326052180984,17.0912,0.20395552039746764,-0.9796977192661682,-0.20048037027267374,-0.31622776601683794,-0.9486832980505138,3750.0,3730.0,54.06158192952353,84.0,176.0,260.0,0.6088961731041451,0.19982485410491146,0.2476296720888671,4.1671851530622765,0.0,False,True,0.40668620206045003,405.384
20,686334.0,4356270.0,3572.6326052180984,17.0912,0.20395552039746764,-0.9796977192661682,-0.20048037027267374,-0.31622776601683794,-0.9486832980505138,3800.0,3780.0,69.30158192952354,110.0,202.0,312.0,1.185136656958281,0.37796485956616827,0.5996447670195315,7.385485641290638,0.0,False,True,0.5059709895047487,420.624
20,686334.0,4356270.0,3572.6326052180984,17.0912,0.20395552039746764,-0.9796977192661682,-0.20048037027267374,-0.31622776601683794,-0.9486832980505138,3850.0,3830.0,84.54158192952355,136.0,232.0,368.0,2.004696989744995,0.6278551356143444,1.1855849909355476,11.774077216147493,0.0,False,True,0.591403587175715,435.86400000000003
20,686334.0,4356270.0,3572.6326052180984,17.0912,0.20395552039746764,-0.9796977192661682,-0.20048037027267374,-0.31622776601683794,-0.9486832980505138,3900.0,3880.0,99.78158192952355,164.0,286.0,450.0,3.1081544886125534,0.961760147686321,2.073208390303712,17.222256666735554,0.0,False,True,0.6670223111172219,451.10400000000004
20,686334.0,4356270.0,3572.6326052180984,17.0912,0.20395552039746764,-0.9796977192661682,-0.20048037027267374,-0.31622776601683794,-0.9486832980505138,3950.0,3930.0,115.02158192952356,198.0,376.0,574.0,4.59247746652111,1.4094441338904105,3.338572389700198,24.12934628950576,0.0,False,True,0.7269654372913518,466.34400000000005
21,686338.0,4356238.0,3610.8323790026534,15.7952,0.3530640742900573,-0.9102337770138857,0.4140947611151773,-0.1643989873053573,-0.9863939238321437,3750.0,3730.0,42.41829087999122,142.0,68.0,210.0,0.2848854159252369,0.09035833142884411,0.07830240180371092,1.6882239661836735,0.0,False,True,0.27485577508207715,405.384
21,686338.0,4356238.0,3610.8323790026534,15.7952,0.3530640742900573,-0.9102337770138857,0.4140947611151773,-0.1643989873053573,-0.9863939238321437,3800.0,3780.0,57.65829087999123,190.0,92.0,282.0,0.696894711804413,0.21325255837474488,0.23696850545996098,3.5425027487132823,0.0,False,True,0.34003487391430715,420.624
22,686342.0,4356206.0,3645.510674913549,15.0752,0.36105854803563486,-0.9364416898299278,0.35082326255319696,0.1643989873053573,-0.9863939238321437,3750.0,3730.0,31.848346286350306,84.0,50.0,134.0,0.12333794876874125,0.040275615594192286,0.026876983668945302,0.8184130234192516,0.0,False,True,0.217913334356968,405.384
22,686342.0,4356206.0,3645.510674913549,15.0752,0.36105854803563486,-0.9364416898299278,0.35082326255319696,0.1643989873053573,-0.9863939238321437,3800.0,3780.0,47.088346286350315,126.0,76.0,202.0,0.37053466265677787,0.11470952736500271,0.11540195108007817,2.11917575146241,0.0,False,True,0.311447113348674,420.624
22,686342.0,4356206.0,3645.510674913549,15.0752,0.36105854803563486,-0.9364416898299278,0.35082326255319696,0.1643989873053573,-0.9863939238321437,3850.0,3830.0,62.328346286350325,176.0,102.0,278.0,0.8086174055406377,0.24349497508372878,0.30312826735839865,4.052528256061511,0.0,False,True,0.374872300894548,435.86400000000003
23,686658.0,4356082.0,3870.64179792874,14.4272,0.20897163473919136,-0.74820292777784,-0.6634699532493302,0.4472135954999579,-0.8944271909999159,4000.0,3980.0,39.42837999132007,76.0,108.0,184.0,0.21365380061228612,0.07285369410427926,0.09678301577441449,2.56198859505157,0.05139791934517039,False,True,0.45298990936297445,481.584
23,686658.0,4356082.0,3870.64179792874,14.4272,0.20897163473919136,-0.74820292777784,-0.6634699532493302,0.4472135954999579,-0.8944271909999159,4050.0,4030.0,54.66837999132008,114.0,148.0,262.0,0.5212644543900877,0.1713308625918925,0.3629561809111341,6.100537657661378,1.2137816337667162,False,False,0.696299503743864,496.824
23,686658.0,4356082.0,3870.64179792874,14.4272,0.20897163473919136,-0.74820292777784,-0.6634699532493302,0.4472135954999579,-0.8944271909999159,4100.0,4080.0,69.90837999132009,154.0,188.0,342.0,1.045552637903701,0.3352670408674646,0.8604423030166041,10.157019599826365,3.7520481121974383,False,False,0.8229545522851559,512.0640000000001
24,686346.0,4356174.0,3679.4067743256296,14.3488,0.32383157185804523,-0.9953329548342738,0.09650030580715072,0.1643989873053573,-0.9863939238321437,3800.0,3780.0,36.75681518554802,72.0,62.0,134.0,0.14948302575362665,0.04914298311377956,0.047454452866210965,1.1268005394902738,0.0,False,True,0.31745713352380184,420.624
24,686346.0,4356174.0,3679.4067743256296,14.3488,0.32383157185804523,-0.9953329548342738,0.09650030580715072,0.1643989873053573,-0.9863939238321437,3850.0,3830.0,51.99681518554803,102.0,90.0,192.0,0.397752796773504,0.12520445694371174,0.15790269217675795,2.5461738506376714,0.0,False,True,0.39698700664743264,435.86400000000003
24,686346.0,4356174.0,3679.4067743256296,14.3488,0.32383157185804523,-0.9953329548342738,0.09650030580715072,0.1643989873053573,-0.9863939238321437,3900.0,3880.0,67.23681518554804,132.0,326.0,458.0,0.9602694744794488,0.29931472360979267,0.3721780197050786,4.479526355236773,0.0,False,True,0.38757664342796283,451.10400000000004
24,686346.0,4356174.0,3679.4067743256296,14.3488,0.32383157185804523,-0.9953329548342738,0.09650030580715072,0.1643989873053573,-0.9863939238321437,3950.0,3930.0,82.47681518554805,164.0,354.0,518.0,1.917823758308859,0.5851681044979548,0.8692807916240247,10.073992191653396,0.0,False,True,0.45326416875268993,466.34400000000005
25,686670.0,4356054.0,3901.1037075057166,13.8176,0.23801916636679152,-0.8345119301206996,-0.5509898714915044,0.31622776601683794,-0.9486832980505138,4050.0,4030.0,45.38358995225758,100.0,146.0,246.0,0.3688207034634683,0.12307219446955489,0.21099530113183684,4.364869458236009,1.0437731313173064,False,False,0.5720809573607245,496.824
25,686670.0,4356054.0,3901.1037075057166,13.8176,0.23801916636679152,-0.8345119301206996,-0.5509898714915044,0.31622776601683794,-0.9486832980505138,4100.0,4080.0,60.62358995225759,142.0,178.0,320.0,0.8278285517629156,0.2666018077485165,0.5835975128574239,7.852020601500645,3.147134138365818,False,False,0.7049738881494416,512.0640000000001
26,686354.0,4356142.0,3713.1664223836474,13.5184,0.33242937192036,-0.9998585349462691,0.016819931483231354,0.242535625036333,-0.970142500145332,3850.0,3830.0,41.70687445746421,80.0,72.0,152.0,0.22425558307554025,0.07189614131211927,0.06965314893945321,1.458910172182144,0.0,False,True,0.31059716767894524,435.86400000000003
26,686354.0,4356142.0,3713.1664223836474,13.5184,0.33242937192036,-0.9998585349462691,0.016819931483231354,0.242535625036333,-0.970142500145332,3900.0,3880.0,56.94687445746422,108.0,98.0,206.0,0.5259135558911787,0.16277085270078248,0.203640203761719,2.95340351929556,0.0,False,True,0.38721231175842896,451.10400000000004
26,686354.0,4356142.0,3713.1664223836474,13.5184,0.33242937192036,-0.9998585349462691,0.016819931483231354,0.242535625036333,-0.970142500145332,3950.0,3930.0,72.18687445746423,134.0,344.0,478.0,1.3363576368178627,0.41053230323050666,0.4492791268193366,5.092347701275343,0.0,False,True,0.3361967743074832,466.34400000000005
26,686354.0,4356142.0,3713.1664223836474,13.5184,0.33242937192036,-0.9998585349462691,0.016819931483231354,0.242535625036333,-0.970142500145332,4000.0,3980.0,87.42687445746424,170.0,396.0,566.0,2.522178940628111,0.759181721401111,1.1892777926933615,13.59277282374583,0.05139791934517039,False,True,0.47152792117009334,481.584
27,685398.0,4355914.0,3446.1861847092937,13.2,0.6663219332485558,-0.9614358629349724,-0.2750292374684644,-0.242535625036333,-0.970142500145332,3550.0,3530.0,31.642450900607173,40.0,468.0,508.0,11.434754835228638,2.925491585994621,5.598915682217769,29.93335748940654,21.239201747865796,True,False,0.48964020330094105,344.42400000000004
27,685398.0,4355914.0,3446.1861847092937,13.2,0.6663219332485558,-0.9614358629349724,-0.2750292374684644,-0.242535625036333,-0.970142500145332,3600.0,3580.0,46.88245090060718,62.0,498.0,560.0,15.644808964973194,3.985503999458425,7.585274002813471,34.49986493891976,24.785658182682553,True,False,0.48484286511877317,359.66400000000004
27,685398.0,4355914.0,3446.1861847092937,13.2,0.6663219332485558,-0.9614358629349724,-0.2750292374684644,-0.242535625036333,-0.970142500145332,3650.0,3630.0,62.12245090060719,92.0,540.0,632.0,20.769876086622315,5.272694668280738,9.856431651907224,39.17312191322679,28.54561366708694,True,False,0.47455418659217036,374.904
27,685398.0,4355914.0,3446.1861847092937,13.2,0.6663219332485558,-0.9614358629349724,-0.2750292374684644,-0.242535625036333,-0.970142500145332,3700.0,3680.0,77.3624509006072,142.0,578.0,720.0,26.93612453845406,6.81934082094246,12.430781169802732,44.29314541722645,32.67326195911447,True,False,0.4614910787205682,390.144
27,685398.0,4355914.0,3446.1861847092937,13.2,0.6663219332485558,-0.9614358629349724,-0.2750292374684644,-0.242535625036333,-0.970142500145332,3750.0,3730.0,92.60245090060721,200.0,608.0,808.0,34.2829876088664,8.660136555064797,15.321461141371094,49.51596475991646,36.85626185659064,True,False,0.44691149196718777,405.384
27,685398.0,4355914.0,3446.1861847092937,13.2,0.6663219332485558,-0.9614358629349724,-0.2750292374684644,-0.242535625036333,-0.970142500145332,3800.0,3780.0,107.84245090060722,238.0,634.0,872.0,42.93654826117292,10.82477051706009,18.559103869852542,55.44649391512843,41.652083100105386,True,False,0.43224489674768174,420.624
27,685398.0,4355914.0,3446.1861847092937,13.2,0.6663219332485558,-0.9614358629349724,-0.2750292374684644,-0.242535625036333,-0.970142500145332,3850.0,3830.0,123.08245090060723,286.0,660.0,946.0,53.03893596176255,13.347872575530864,22.150280112535164,60.81164595754352,45.835082997581566,True,False,0.4176230105465163,435.86400000000003
27,685398.0,4355914.0,3446.1861847092937,13.2,0.6663219332485558,-0.9614358629349724,-0.2750292374684644,-0.242535625036333,-0.970142500145332,3900.0,3880.0,138.32245090060724,394.0,690.0,1084.0,64.70433191570483,16.259783560677132,26.05662991357227,65.84073468116327,49.555501620951205,True,False,0.40270302068056574,451.10400000000004
28,686690.0,4356026.0,3934.712745108043,13.1344,0.2992782804838498,-0.8320502943378437,-0.5547001962252291,0.5547001962252291,-0.8320502943378437,4050.0,4030.0,35.13955529106852,84.0,146.0,230.0,0.23380816593502388,0.07902740494011458,0.09713963620507866,2.6450160032245376,0.6563118931767912,False,False,0.41546725203804097,496.824
28,686690.0,4356026.0,3934.712745108043,13.1344,0.2992782804838498,-0.8320502943378437,-0.5547001962252291,0.5547001962252291,-0.8320502943378437,4100.0,4080.0,50.37955529106853,122.0,176.0,298.0,0.6366183533648707,0.20358298441878764,0.3451581169619154,5.531206858761029,2.5066369896029252,False,False,0.5421743107743735,512.0640000000001
29,686346.0,4356666.0,3520.1548445360304,12.0976,0.45953003545409954,-0.42635338389963207,-0.9045566826005614,0.9965457582448796,0.08304547985373997,3650.0,3630.0,39.57680338541786,326.0,74.0,400.0,1.969470000231729,0.5219296274489152,0.9548114744199209,11.430106525145199,0.0,False,True,0.48480630540580827,374.904
29,686346.0,4356666.0,3520.1548445360304,12.0976,0.45953003545409954,-0.42635338389963207,-0.9045566826005614,0.9965457582448796,0.08304547985373997,3700.0,3680.0,54.81680338541787,352.0,110.0,462.0,3.4621644620635714,0.9006938334737166,1.8569132302939444,18.17114133156947,0.0,False,True,0.5363446048392395,390.144
29,686346.0,4356666.0,3520.1548445360304,12.0976,0.45953003545409954,-0.42635338389963207,-0.9045566826005614,0.9965457582448796,0.08304547985373997,3750.0,3730.0,70.05680338541788,376.0,164.0,540.0,5.556522796224751,1.426757392194137,3.251668385691406,27.74696907418506,0.0,False,True,0.5851984244356336,405.384
30,686378.0,4356666.0,3562.4477361999984,11.9808,0.3942877991696302,-0.42635338389963207,-0.9045566826005614,0.9965457582448796,0.08304547985373997,3700.0,3680.0,41.92593000624038,382.0,102.0,484.0,2.361376875337666,0.6760997684294218,1.3791248078437495,14.952840843341109,0.0,False,True,0.5840341803324135,390.144
30,686378.0,4356666.0,3562.4477361999984,11.9808,0.3942877991696302,-0.42635338389963207,-0.9045566826005614,0.9965457582448796,0.08304547985373997,3750.0,3730.0,57.16593000624039,404.0,138.0,542.0,4.004796665806118,1.128013712862364,2.5610771523808586,24.050272567436267,0.0,False,True,0.6395024182495779,405.384
30,686378.0,4356666.0,3562.4477361999984,11.9808,0.3942877991696302,-0.42635338389963207,-0.9045566826005614,0.9965457582448796,0.08304547985373997,3800.0,3780.0,72.4059300062404,428.0,202.0,630.0,6.226713430871757,1.732954530604265,4.429323069894532,37.09348302279912,0.0,False,True,0.7113420456984825,420.624
32,686370.0,4356114.0,3745.493976462858,11.672,0.3195537101053446,-0.9982034669914623,0.05991526087921617,0.4472135954999579,-0.8944271909999159,3850.0,3830.0,31.853435974120885,82.0,46.0,128.0,0.11655706005899946,0.039095995153788886,0.023168086460937543,0.7156171847289108,0.0,False,True,0.19877034003097024,435.86400000000003
32,686370.0,4356114.0,3745.493976462858,11.672,0.3195537101053446,-0.9982034669914623,0.05991526087921617,0.4472135954999579,-0.8944271909999159,3900.0,3880.0,47.093435974120894,110.0,68.0,178.0,0.3345418951885353,0.10641400864913403,0.1006327762470705,1.8661398408400325,0.0,False,True,0.30080769462478724,451.10400000000004
32,686370.0,4356114.0,3745.493976462858,11.672,0.3195537101053446,-0.9982034669914623,0.05991526087921617,0.4472135954999579,-0.8944271909999159,3950.0,3930.0,62.3334359741209,140.0,96.0,236.0,0.7221188742837711,0.22283108322092465,0.2676022308789067,3.637391215196674,0.0,False,True,0.3705791946572873,466.34400000000005
32,686370.0,4356114.0,3745.493976462858,11.672,0.3195537101053446,-0.9982034669914623,0.05991526087921617,0.4472135954999579,-0.8944271909999159,4000.0,3980.0,77.57343597412091,170.0,426.0,596.0,1.749507114464542,0.5386504950664416,0.5657961540898447,6.159842949213497,0.0,False,False,0.32340317419230025,481.584
33,686398.0,4356642.0,3595.953885999283,11.3312,0.4050536898699117,-0.6104198209750454,-0.7920780530735552,0.9230769230769231,-0.38461538461538464,3700.0,3680.0,31.713255547418385,350.0,116.0,466.0,2.2088118991033543,0.6241565667706076,1.4914436654003898,14.806554457512547,0.0,False,True,0.6752243891867057,390.144
33,686398.0,4356642.0,3595.953885999283,11.3312,0.4050536898699117,-0.6104198209750454,-0.7920780530735552,0.9230769230769231,-0.38461538461538464,3750.0,3730.0,46.953255547418394,372.0,168.0,540.0,3.7377199503100593,1.0415587955154961,2.6598214884355458,23.733977679158297,0.0,False,True,0.7116160450209499,405.384
33,686398.0,4356642.0,3595.953885999283,11.3312,0.4050536898699117,-0.6104198209750454,-0.7920780530735552,0.9230769230769231,-0.38461538461538464,3800.0,3780.0,62.1932555474184,396.0,224.0,620.0,5.865952367750361,1.6164333508994881,4.494040929890626,36.26716262717292,0.0,False,True,0.7661229836433409,420.624
34,686378.0,4356082.0,3788.5547330894683,11.2672,0.3474074167159415,-0.9982034669914623,-0.05991526087921628,0.31622776601683794,-0.9486832980505138,3900.0,3880.0,33.96851735433006,90.0,52.0,142.0,0.13514313160494248,0.04449585332474111,0.02685598234765632,0.7472466735567079,0.0,False,True,0.19872251019136616,451.10400000000004
34,686378.0,4356082.0,3788.5547330894683,11.2672,0.3474074167159415,-0.9982034669914623,-0.05991526087921628,0.31622776601683794,-0.9486832980505138,3950.0,3930.0,49.20851735433007,120.0,76.0,196.0,0.38812969772827877,0.12117606220405397,0.11089830013964873,2.048009401599866,0.0,False,True,0.2857248512255979,466.34400000000005
34,686378.0,4356082.0,3788.5547330894683,11.2672,0.3474074167159415,-0.9982034669914623,-0.05991526087921628,0.31622776601683794,-0.9486832980505138,4000.0,3980.0,64.44851735433008,154.0,108.0,262.0,0.8377759887708489,0.2536608446303903,0.29546605519726626,4.06043562826846,0.0,False,True,0.3526790683399295,481.584
35,686418.0,4356614.0,3620.5656919927137,11.0704,0.2672239423378225,-0.7682212795973759,-0.6401843996644799,0.6401843996644799,-0.7682212795973759,3750.0,3730.0,39.45157708062084,362.0,176.0,538.0,2.701121993974286,0.8283223213052496,2.673362296329101,22.263206448665727,0.0,False,True,0.9897229011843551,405.384
35,686418.0,4356614.0,3620.5656919927137,11.0704,0.2672239423378225,-0.7682212795973759,-0.6401843996644799,0.6401843996644799,-0.7682212795973759,3800.0,3780.0,54.691577080620846,388.0,528.0,916.0,4.4789784642426635,1.3671051012844053,4.394198654463867,34.10449632857229,0.0,False,False,0.9810716192418374,420.624
39,686382.0,4356050.0,3828.4389977553888,9.8784,0.3788768342320471,-0.9953329548342738,0.09650030580715072,0.1643989873053573,-0.9863939238321437,3950.0,3930.0,37.05179348415754,114.0,64.0,178.0,0.18440753748244454,0.05895207313042701,0.03475105850781263,0.9370236065234909,0.0,False,True,0.18844706123317165,466.34400000000005
39,686382.0,4356050.0,3828.4389977553888,9.8784,0.3788768342320471,-0.9953329548342738,0.09650030580715072,0.1643989873053573,-0.9863939238321437,4000.0,3980.0,52.29179348415755,152.0,92.0,244.0,0.5230884655312336,0.15876408526839758,0.13833861502050823,2.554081222844621,0.0,False,True,0.2644650458503526,481.584
42,686714.0,4356002.0,3964.5503526110797,9.5664,0.2841718818542707,-0.7682212795973759,-0.6401843996644799,0.6401843996644799,-0.7682212795973759,4100.0,4080.0,41.285052524142884,112.0,170.0,282.0,0.44065676112905905,0.14533959716850356,0.174169448923829,3.589946981954978,1.972889365633848,False,False,0.3952496915684868,512.0640000000001
45,686730.0,4355974.0,3990.7762016280844,9.008,0.2763702392578125,-0.9280320880927672,-0.3725002596914244,0.6,-0.8,4100.0,4080.0,33.291413743759904,112.0,88.0,200.0,0.2078693782582485,0.07034293842876235,0.0658716470449223,1.696131338390623,0.7709687901775558,False,False,0.3168896140300474,512.0640000000001
47,686526.0,4356482.0,3732.45440894989,8.832,0.12401696080218395,-0.8660254037844387,-0.5000000000000001,0.7071067811865476,-0.7071067811865476,3850.0,3830.0,35.827896152073436,412.0,140.0,552.0,2.510747464311611,0.794528503409386,2.9293816425537123,23.129063705326676,0.0,False,True,1.1667368718649211,435.86400000000003
47,686526.0,4356482.0,3732.45440894989,8.832,0.12401696080218395,-0.8660254037844387,-0.5000000000000001,0.7071067811865476,-0.7071067811865476,3900.0,3880.0,51.067896152073445,438.0,296.0,734.0,3.9594341827207273,1.245532756877984,4.684896207285159,34.041237350916695,0.0,False,False,1.1832236605246285,451.10400000000004
50,686634.0,4357030.0,3457.3611923889725,7.856,0.7727167210623027,-0.9486832980505138,-0.31622776601683794,0.31622776601683794,-0.9486832980505138,3600.0,3580.0,43.47630855984107,232.0,80.0,312.0,1.0280981449777677,0.3336827692004404,0.10877489546093723,2.241740020670124,0.0,False,True,0.10580205400846186,359.66400000000004
50,686634.0,4357030.0,3457.3611923889725,7.856,0.7727167210623027,-0.9486832980505138,-0.31622776601683794,0.31622776601683794,-0.9486832980505138,3650.0,3630.0,58.71630855984108,288.0,120.0,408.0,2.245531462340424,0.7146823852777416,0.31045909597070276,4.4044063192707545,0.0,False,True,0.13825639995581454,374.904
51,686574.0,4356438.0,3767.800443754419,7.6384,0.16439007302628095,-0.8172009432361134,-0.5763528592572496,0.7682212795973759,-0.6401843996644799,3900.0,3880.0,40.29442474365305,438.0,236.0,674.0,3.4822878455061486,1.090130489870808,2.6047527964970727,22.40949283449429,0.0,False,True,0.7480004273220766,451.10400000000004
51,686574.0,4356438.0,3767.800443754419,7.6384,0.16439007302628095,-0.8172009432361134,-0.5763528592572496,0.7682212795973759,-0.6401843996644799,3950.0,3930.0,55.53442474365306,462.0,308.0,770.0,5.278199371581524,1.639958202817693,4.316085304295903,33.10816743049668,0.3083875160710223,False,False,0.8177192637955737,466.34400000000005
52,686654.0,4357006.0,3494.649021018521,7.5664,0.5568841028669756,-0.9472658431775388,-0.32044878272377075,0.5547001962252291,-0.8320502943378437,3600.0,3580.0,32.11097839355466,150.0,44.0,194.0,0.2182507493310817,0.05607442665130775,0.027046908094726468,0.7670151040740812,0.0,False,True,0.12392584299308354,359.66400000000004
52,686654.0,4357006.0,3494.649021018521,7.5664,0.5568841028669756,-0.9472658431775388,-0.32044878272377075,0.5547001962252291,-0.8320502943378437,3650.0,3630.0,47.35097839355467,232.0,70.0,302.0,0.766795155415588,0.18567600090582076,0.1151880161796873,2.265462137290972,0.0,False,True,0.15022006251103354,374.904
52,686654.0,4357006.0,3494.649021018521,7.5664,0.5568841028669756,-0.9472658431775388,-0.32044878272377075,0.5547001962252291,-0.8320502943378437,3700.0,3680.0,62.59097839355468,298.0,100.0,398.0,1.812745913927387,0.4221742186557165,0.32279809283203104,4.685118032617455,0.0,False,True,0.17807133937082,390.144
53,685318.0,4355990.0,3411.6933922198864,7.2816,0.42908061100871275,-0.7946251553017072,0.6071003727240973,-0.9230769230769231,-0.38461538461538464,3550.0,3530.0,42.15585405137858,62.0,656.0,718.0,5.078092243417177,1.379505677615725,1.0789281130375963,8.215759723020312,6.796386411872915,True,False,0.21246721432369217,344.42400000000004
53,685318.0,4355990.0,3411.6933922198864,7.2816,0.42908061100871275,-0.7946251553017072,0.6071003727240973,-0.9230769230769231,-0.38461538461538464,3600.0,3580.0,57.39585405137859,86.0,680.0,766.0,8.062953781625666,2.1613810548391617,1.6712483633637683,11.018923170383836,8.599267275057354,True,False,0.20727495265721443,359.66400000000004
54,686602.0,4356426.0,3793.5767753647815,7.1664,0.24075387097521647,-0.8682545587839927,-0.49611895866900146,0.8637789008984335,-0.5038710255240862,3900.0,3880.0,32.437798868814525,458.0,104.0,562.0,3.7047352904672244,1.1353811680051829,2.516222396832033,21.31432178383181,0.0,False,True,0.6791908731796863,451.10400000000004
54,686602.0,4356426.0,3793.5767753647815,7.1664,0.24075387097521647,-0.8682545587839927,-0.49611895866900146,0.8637789008984335,-0.5038710255240862,3950.0,3930.0,47.677798868814534,482.0,236.0,718.0,5.545200752799365,1.6882720955294803,4.102765157115238,30.585715696479856,0.07116634986254361,False,False,0.7398767583020421,466.34400000000005
54,686602.0,4356426.0,3793.5767753647815,7.1664,0.24075387097521647,-0.8682545587839927,-0.49611895866900146,0.8637789008984335,-0.5038710255240862,4000.0,3980.0,62.91779886881454,510.0,328.0,838.0,7.986566201142341,2.415383362821594,6.357877447247077,42.881679478286,1.8028808631844382,False,False,0.7960714638961726,481.584
55,686674.0,4356982.0,3521.071125585647,7.0064,0.3091482209717166,-0.9077366892786318,-0.41954034721045447,0.6401843996644799,-0.7682212795973759,3650.0,3630.0,39.29752092149465,74.0,56.0,130.0,0.14347353345766622,0.04732821681322245,0.044155270253906156,1.047726817420781,0.0,False,True,0.30775899352151076,374.904
55,686674.0,4356982.0,3521.071125585647,7.0064,0.3091482209717166,-0.9077366892786318,-0.41954034721045447,0.6401843996644799,-0.7682212795973759,3700.0,3680.0,54.53752092149466,174.0,80.0,254.0,0.38535017283145107,0.12322687038763279,0.1471401948476561,2.4671001285681786,0.0,False,True,0.38183503011432146,390.144
55,686674.0,4356982.0,3521.071125585647,7.0064,0.3091482209717166,-0.9077366892786318,-0.41954034721045447,0.6401843996644799,-0.7682212795973759,3750.0,3730.0,69.77752092149467,216.0,304.0,520.0,0.9494173159707134,0.30059371378042815,0.38372075580859366,5.507484742140181,0.28466539945017444,False,False,0.40416447999609717,405.384
56,686378.0,4356018.0,3872.391508007299,6.9296,0.3939548367080912,-0.9045566826005614,-0.42635338389963207,-0.08304547985373997,-0.9965457582448796,4000.0,3980.0,38.89506835937527,60.0,110.0,170.0,0.24087127255247365,0.07421308475837465,0.04735432541113302,1.2295963781806147,0.0,False,True,0.19659598635124456,481.584
56,686378.0,4356018.0,3872.391508007299,6.9296,0.3939548367080912,-0.9045566826005614,-0.42635338389963207,-0.08304547985373997,-0.9965457582448796,4050.0,4030.0,54.13506835937528,96.0,422.0,518.0,1.724507529420942,0.5031949699966863,0.9281561556054715,13.007627280431583,1.2137816337667162,False,True,0.5382151946400194,496.824
56,686378.0,4356018.0,3872.391508007299,6.9296,0.3939548367080912,-0.9045566826005614,-0.42635338389963207,-0.08304547985373997,-0.9965457582448796,4100.0,4080.0,69.37506835937529,160.0,464.0,624.0,3.2316119577205424,0.9229311051729083,1.9795880017021537,21.164081711899776,4.301610480580414,False,False,0.6125698343740752,512.0640000000001
58,686378.0,4355986.0,3917.725602820511,6.8016,0.43299271839671294,-0.9045566826005614,-0.42635338389963207,-0.08304547985373997,-0.9965457582448796,4050.0,4030.0,40.317236260308164,70.0,436.0,506.0,1.2478977457888998,0.3546204507069275,0.07513146031152383,1.8938156435643552,0.0,False,False,0.06020642361528348,496.824
58,686378.0,4355986.0,3917.725602820511,6.8016,0.43299271839671294,-0.9045566826005614,-0.42635338389963207,-0.08304547985373997,-0.9965457582448796,4100.0,4080.0,55.55723626030817,112.0,472.0,584.0,2.5991425755807067,0.7183198998302412,1.4433603643964887,17.22621035283903,4.084157744889309,False,False,0.5553217349279155,512.0640000000001
63,686694.0,4356954.0,3562.9407683000095,6.24,0.3278096516927083,-0.9280320880927672,-0.3725002596914244,0.6,-0.8,3700.0,3680.0,41.77565382215698,78.0,66.0,144.0,0.195652046393446,0.06319703649539211,0.061842759112304614,1.4075122528369737,0.0,False,True,0.31608541925466027,390.144
63,686694.0,4356954.0,3562.9407683000095,6.24,0.3278096516927083,-0.9280320880927672,-0.3725002596914244,0.6,-0.8,3750.0,3730.0,57.01565382215699,200.0,94.0,294.0,0.5032954260325778,0.15867702555505056,0.2043712997441406,3.392262676781246,0.28466539945017444,False,True,0.40606627672970713,405.384
71,686714.0,4356930.0,3594.878895632482,4.8304,0.35177535982860114,-0.9077366892786318,-0.41954034721045447,0.6401843996644799,-0.7682212795973759,3700.0,3680.0,32.04091261121948,58.0,52.0,110.0,0.0973504204690877,0.031971056944312244,0.02053831990136715,0.7077098125219615,0.0,False,True,0.21097309906215364,390.144
71,686714.0,4356930.0,3594.878895632482,4.8304,0.35177535982860114,-0.9077366892786318,-0.41954034721045447,0.6401843996644799,-0.7682212795973759,3750.0,3730.0,47.28091261121949,88.0,80.0,168.0,0.2894881806796875,0.0905336535357763,0.10706634048437495,2.2575547650840226,0.28466539945017444,False,True,0.3698470183929256,405.384
71,686714.0,4356930.0,3594.878895632482,4.8304,0.35177535982860114,-0.9077366892786318,-0.41954034721045447,0.6401843996644799,-0.7682212795973759,3800.0,3780.0,62.5209126112195,216.0,112.0,328.0,0.6764396837727864,0.20728513651681602,0.33473026085546886,5.618187953037471,1.7672976882531664,False,False,0.49484125323419603,420.624
73,686686.0,4356098.0,3894.711366788611,4.672,0.24893334608016934,-0.6353231332851872,-0.7722464090642909,0.9103664774626047,-0.413802944301184,4000.0,3980.0,32.091975402831395,102.0,80.0,182.0,0.19478998869103112,0.06622401088051227,0.07375653371972693,2.2298789623597,0.05139791934517039,False,True,0.37864642949754923,481.584
73,686686.0,4356098.0,3894.711366788611,4.672,0.24893334608016934,-0.6353231332851872,-0.7722464090642909,0.9103664774626047,-0.413802944301184,4050.0,4030.0,47.331975402831404,138.0,122.0,260.0,0.5017117952438369,0.16357367309593823,0.315682898279298,5.645863755761794,1.2137816337667162,False,False,0.6292116335950863,496.824
73,686686.0,4356098.0,3894.711366788611,4.672,0.24893334608016934,-0.6353231332851872,-0.7722464090642909,0.9103664774626047,-0.413802944301184,4100.0,4080.0,62.57197540283141,172.0,174.0,346.0,1.0294900331028325,0.32699323156316895,0.7799556024072288,9.548151939891268,3.858797636991254,False,False,0.7576135536314819,512.0640000000001
78,686718.0,4356090.0,3929.5408516453003,4.008,0.33556663239454565,-0.6355706612789467,-0.7720427025245705,0.9863939238321437,-0.1643989873053573,4050.0,4030.0,36.715948418512426,146.0,94.0,240.0,0.3584409162666687,0.11504206473472327,0.18753210947363363,4.07625037268236,1.1623837144215456,False,False,0.5231883441959391,496.824
78,686718.0,4356090.0,3929.5408516453003,4.008,0.33556663239454565,-0.6355706612789467,-0.7720427025245705,0.9863939238321437,-0.1643989873053573,4100.0,4080.0,51.955948418512435,182.0,134.0,316.0,0.8517321320555815,0.26284544585051645,0.5379503254628925,7.428976188428859,3.5266880042993836,False,False,0.6315956686576988,512.0640000000001
81,685858.0,4356226.0,3443.188304350447,3.1904,0.6284087187054259,-0.7482029277778399,-0.6634699532493302,0.9486832980505138,-0.31622776601683794,3550.0,3530.0,32.55620483398366,560.0,78.0,638.0,14.952876991256392,3.605815947344079,6.750179922991205,35.318277962339,20.503816132619512,True,False,0.4514301780813374,344.42400000000004
81,685858.0,4356226.0,3443.188304350447,3.1904,0.6284087187054259,-0.7482029277778399,-0.6634699532493302,0.9486832980505138,-0.31622776601683794,3600.0,3580.0,47.796204833983666,584.0,118.0,702.0,20.339571917266547,4.882532398572376,9.096875651809565,40.77436478513402,23.358377499328206,True,False,0.4472501038277556,359.66400000000004
81,685858.0,4356226.0,3443.188304350447,3.1904,0.6284087187054259,-0.7482029277778399,-0.6634699532493302,0.9486832980505138,-0.31622776601683794,3650.0,3630.0,63.036204833983675,634.0,152.0,786.0,26.86054954998146,6.423957265416332,11.772586029103511,45.94973989458233,25.95990295541452,True,False,0.4382853748839862,374.904
81,685858.0,4356226.0,3443.188304350447,3.1904,0.6284087187054259,-0.7482029277778399,-0.6634699532493302,0.9486832980505138,-0.31622776601683794,3700.0,3680.0,78.27620483398368,682.0,186.0,868.0,34.694764991300445,8.272309983791777,14.774759400639647,51.41768777568776,28.656316877984228,True,False,0.4258498192549899,390.144
84,685818.0,4356122.0,3433.475113360034,2.912,0.6297304608651814,-0.7946251553017072,-0.6071003727240973,0.9230769230769231,-0.38461538461538464,3550.0,3530.0,35.516785447861594,470.0,86.0,556.0,11.569223892170275,2.8013983008880006,5.474949334088862,29.91754274499264,20.064956975133825,True,False,0.47323393385049395,344.42400000000004
84,685818.0,4356122.0,3433.475113360034,2.912,0.6297304608651814,-0.7946251553017072,-0.6071003727240973,0.9230769230769231,-0.38461538461538464,3600.0,3580.0,50.7567854478616,494.0,152.0,646.0,15.968623070685965,3.8496541743719104,7.46340643774609,34.56312391657535,22.82462987535913,True,False,0.46737946062781505,359.66400000000004
84,685818.0,4356122.0,3433.475113360034,2.912,0.6297304608651814,-0.7946251553017072,-0.6071003727240973,0.9230769230769231,-0.38461538461538464,3650.0,3630.0,65.99678544786161,526.0,180.0,706.0,21.45026630798245,5.151172927447042,9.735963847625973,39.0782334467434,25.327313178858578,True,False,0.45388545334762836,374.904
84,685818.0,4356122.0,3433.475113360034,2.912,0.6297304608651814,-0.7946251553017072,-0.6071003727240973,0.9230769230769231,-0.38461538461538464,3700.0,3680.0,81.23678544786162,576.0,214.0,790.0,28.08024005683377,6.721574981466604,12.292036603344723,43.787073595981695,27.87348702949625,True,False,0.4377468489751484,390.144
84,685818.0,4356122.0,3433.475113360034,2.912,0.6297304608651814,-0.7946251553017072,-0.6071003727240973,0.9230769230769231,-0.38461538461538464,3750.0,3730.0,96.47678544786163,684.0,256.0,940.0,36.06630957569721,8.611570029709116,15.130982291663086,48.26659995121847,30.13894916678722,True,False,0.4195323133880848,405.384
85,686750.0,4356082.0,3959.6439527331904,2.8672,0.2914572476360225,-0.6951132626768675,-0.7189002378986395,0.970142500145332,-0.242535625036333,4100.0,4080.0,42.78052320692359,196.0,98.0,294.0,0.6484729593514946,0.2075731287077613,0.36055129555859516,5.701215361210439,2.965264577605984,False,False,0.5560005091332789,512.0640000000001
86,685814.0,4355970.0,3428.558945899179,2.7952,0.460449948690344,-0.6355706612789467,-0.7720427025245705,0.9863939238321437,-0.1643989873053573,3550.0,3530.0,37.015233289930165,450.0,64.0,514.0,3.7290969035452726,0.9725066259059422,1.3306715589711897,11.046598973108159,9.563966684305168,True,False,0.35683480300716053,344.42400000000004
86,685814.0,4355970.0,3428.558945899179,2.7952,0.460449948690344,-0.6355706612789467,-0.7720427025245705,0.9863939238321437,-0.1643989873053573,3600.0,3580.0,52.255233289930175,472.0,96.0,568.0,6.061174325013101,1.5562694540763558,2.093446162147947,13.707429720746596,11.351032803075707,True,False,0.345386232088519,359.66400000000004
86,685814.0,4355970.0,3428.558945899179,2.7952,0.460449948690344,-0.6355706612789467,-0.7720427025245705,0.9863939238321437,-0.1643989873053573,3650.0,3630.0,67.49523328993018,494.0,176.0,670.0,9.124177140440823,2.318546174849494,3.015676125792479,16.166622477107826,12.948321988879464,True,False,0.33051485951825577,374.904
86,685814.0,4355970.0,3428.558945899179,2.7952,0.460449948690344,-0.6355706612789467,-0.7720427025245705,0.9863939238321437,-0.1643989873053573,3700.0,3680.0,82.73523328993019,518.0,220.0,738.0,13.021047197587182,3.282556776781852,4.100658174670409,18.977693296678297,14.430954277682455,True,False,0.3149253752363533,390.144
86,685814.0,4355970.0,3428.558945899179,2.7952,0.460449948690344,-0.6355706612789467,-0.7720427025245705,0.9863939238321437,-0.1643989873053573,3750.0,3730.0,97.9752332899302,542.0,308.0,850.0,17.86795582494661,4.478169418243408,5.356371802981933,21.768995685731397,15.731717005725613,True,False,0.2997752991701242,405.384
86,685814.0,4355970.0,3428.558945899179,2.7952,0.460449948690344,-0.6355706612789467,-0.7720427025245705,0.9863939238321437,-0.1643989873053573,3800.0,3780.0,113.21523328993021,570.0,358.0,928.0,23.778875878557642,5.93043050700034,6.801505495737794,25.15730467640917,17.15899768907996,True,False,0.28603141420452854,420.624
86,685814.0,4355970.0,3428.558945899179,2.7952,0.460449948690344,-0.6355706612789467,-0.7720427025245705,0.9863939238321437,-0.1643989873053573,3850.0,3830.0,128.45523328993022,612.0,430.0,1042.0,30.8563877406408,7.664896113359415,8.467865748339356,28.968658080158725,18.76814793319414,True,False,0.27442829081339204,435.86400000000003
87,685890.0,4356218.0,3505.455630623102,2.7776,0.5924013592980373,-0.7482029277778399,-0.6634699532493302,0.9486832980505138,-0.31622776601683794,3650.0,3630.0,44.057123786078364,646.0,108.0,754.0,23.54552421481361,5.35325568440989,10.213797567895018,41.047169126273765,24.991249860063235,True,False,0.4337893467442543,374.904
87,685890.0,4356218.0,3505.455630623102,2.7776,0.5924013592980373,-0.7482029277778399,-0.6634699532493302,0.9486832980505138,-0.31622776601683794,3700.0,3680.0,59.29712378607837,694.0,144.0,838.0,30.759030558245094,6.967941501666502,12.897360713726071,45.93392515016843,27.37136889435497,True,False,0.4193032250903915,390.144
88,686678.0,4355994.0,3978.9745973824574,2.7488,0.3199127197265625,-0.8660254037844387,-0.49999999999999994,-0.0,-1.0,4100.0,4080.0,36.88854271782702,88.0,208.0,296.0,0.4969988154618721,0.1600607519023593,0.20927915794726656,3.945778731267696,1.7712513743566412,False,False,0.42108582844966896,512.0640000000001
90,685846.0,4356110.0,3490.00122012464,2.5296,0.5940454861978917,-0.8345119301206996,-0.5509898714915045,0.8944271909999159,-0.4472135954999579,3600.0,3580.0,33.527628106009615,508.0,68.0,576.0,14.852872305181595,3.398904971718074,7.088676438821285,32.96583473077159,22.93137940015294,True,False,0.4772596365989304,359.66400000000004
90,685846.0,4356110.0,3490.00122012464,2.5296,0.5940454861978917,-0.8345119301206996,-0.5509898714915045,0.8944271909999159,-0.4472135954999579,3650.0,3630.0,48.767628106009624,554.0,126.0,680.0,19.894657749209802,4.533772935872388,9.250288594129879,37.0816219644887,25.493367995204512,True,False,0.46496344449540944,374.904
90,685846.0,4356110.0,3490.00122012464,2.5296,0.5940454861978917,-0.8345119301206996,-0.5509898714915045,0.8944271909999159,-0.4472135954999579,3700.0,3680.0,64.00762810600963,666.0,168.0,834.0,26.067783355398234,5.922781341939812,11.673751603497069,41.53742620310462,28.181874545567272,True,False,0.4478229485162426,390.144
90,685846.0,4356110.0,3490.00122012464,2.5296,0.5940454861978917,-0.8345119301206996,-0.5509898714915045,0.8944271909999159,-0.4472135954999579,3750.0,3730.0,79.24762810600964,692.0,196.0,888.0,33.56552378707185,7.607037677730388,14.376238258919923,46.234405294032506,30.9375937596891,True,False,0.42830370680695584,405.384
91,685846.0,4355966.0,3485.409282462944,2.4912,0.5277501024729001,-0.6355706612789467,-0.7720427025245705,0.9863939238321437,-0.1643989873053573,3600.0,3580.0,34.92725070529468,500.0,60.0,560.0,5.496405563189561,1.233364810573285,1.485983450452147,10.667045107174593,9.338606576407113,True,False,0.2703554956723084,359.66400000000004
91,685846.0,4355966.0,3485.409282462944,2.4912,0.5277501024729001,-0.6355706612789467,-0.7720427025245705,0.9863939238321437,-0.1643989873053573,3650.0,3630.0,50.16725070529469,520.0,88.0,608.0,8.77047048331084,1.9397207743986347,2.2148169420205064,12.924599872258616,10.935895762210869,True,False,0.25253114370945545,374.904
91,685846.0,4355966.0,3485.409282462944,2.4912,0.5277501024729001,-0.6355706612789467,-0.7720427025245705,0.9863939238321437,-0.1643989873053573,3700.0,3680.0,65.4072507052947,540.0,172.0,712.0,13.029392160094655,2.8530323531314954,3.083604080222655,15.213784126170435,12.418528051013862,True,False,0.23666522907084356,390.144
91,685846.0,4355966.0,3485.409282462944,2.4912,0.5277501024729001,-0.6355706612789467,-0.7720427025245705,0.9863939238321437,-0.1643989873053573,3750.0,3730.0,80.64725070529471,562.0,208.0,770.0,18.41406221394369,4.001310543059388,4.098525451567382,17.71251374356641,13.719290779057019,True,False,0.22257584469676953,405.384
91,685846.0,4355966.0,3485.409282462944,2.4912,0.5277501024729001,-0.6355706612789467,-0.7720427025245705,0.9863939238321437,-0.1643989873053573,3800.0,3780.0,95.88725070529472,584.0,296.0,880.0,25.013354301377056,5.403891812114201,5.276387354854493,20.56312142417163,15.146571462411366,True,False,0.2109428144374868,420.624
91,685846.0,4355966.0,3485.409282462944,2.4912,0.5277501024729001,-0.6355706612789467,-0.7720427025245705,0.9863939238321437,-0.1643989873053573,3850.0,3830.0,111.12725070529473,616.0,352.0,968.0,33.03285030489212,7.102711615908862,6.648762979443361,24.01864307860847,16.75572170652555,True,False,0.2012773017791531,435.86400000000003
95,685878.0,4355962.0,3550.4655957604446,2.3232,0.5911244236302309,-0.6355706612789467,-0.7720427025245705,0.9863939238321437,-0.1643989873053573,3700.0,3680.0,45.57808641221641,564.0,80.0,644.0,11.044605829332935,2.5519347506498833,2.2340951156635733,12.066649987804617,10.433777627069588,True,False,0.20227929816473195,390.144
95,685878.0,4355962.0,3550.4655957604446,2.3232,0.5911244236302309,-0.6355706612789467,-0.7720427025245705,0.9863939238321437,-0.1643989873053573,3750.0,3730.0,60.81808641221642,586.0,164.0,750.0,15.964086609980397,3.660338526108212,3.0396970438862305,14.063261470059313,11.734540355112747,True,False,0.19040845355886996,405.384
95,685878.0,4355962.0,3550.4655957604446,2.3232,0.5911244236302309,-0.6355706612789467,-0.7720427025245705,0.9863939238321437,-0.1643989873053573,3800.0,3780.0,76.05808641221643,614.0,200.0,814.0,22.109321967805258,5.039365340120812,3.9823823792397466,16.601527948490034,13.161821038467094,True,False,0.18012232057766123,420.624
96,685910.0,4355962.0,3617.6170083238194,2.2528,0.6176829020182292,-0.49999999999999994,-0.8660254037844387,1.0,-0.0,3750.0,3730.0,40.35033586289978,610.0,146.0,756.0,12.546486630445736,3.0039433410408853,1.3253553532841795,8.63089676388515,7.377578269083688,True,False,0.10563557690070993,405.384
96,685910.0,4355962.0,3617.6170083238194,2.2528,0.6176829020182292,-0.49999999999999994,-0.8660254037844387,1.0,-0.0,3800.0,3780.0,55.59033586289979,636.0,200.0,836.0,17.99497456124916,4.280935905170744,1.926952865232422,11.022876856487311,8.804858952438035,True,False,0.1070828335251983,420.624
99,685874.0,4356098.0,3545.9784093074218,2.1632,0.5614087528029965,-0.7946251553017072,-0.6071003727240973,0.9230769230769231,-0.38461538461538464,3650.0,3630.0,31.705780843097727,580.0,66.0,646.0,18.165118053882424,3.9679527502014897,7.224421911275389,30.66478941854935,22.709972978358362,True,False,0.3977085031787787,374.904
99,685874.0,4356098.0,3545.9784093074218,2.1632,0.5614087528029965,-0.7946251553017072,-0.6071003727240973,0.9230769230769231,-0.38461538461538464,3700.0,3680.0,46.94578084309774,608.0,134.0,742.0,24.083727093276664,5.237941458096124,9.227953809778318,34.250782714400856,24.777750810475602,True,False,0.3831613675922461,390.144
99,685874.0,4356098.0,3545.9784093074218,2.1632,0.5614087528029965,-0.7946251553017072,-0.6071003727240973,0.9230769230769231,-0.38461538461538464,3750.0,3730.0,62.185780843097746,642.0,172.0,814.0,31.233153665581202,6.768950355916571,11.449982775977539,37.820961265838456,26.635983279108686,True,False,0.36659707497278343,405.384
106,685902.0,4356086.0,3601.906348957412,1.8272,0.5593962780355052,-0.7946251553017072,-0.6071003727240973,0.9230769230769231,-0.38461538461538464,3750.0,3730.0,45.138944837780855,664.0,112.0,776.0,28.29997911555307,6.1267353446696085,9.760050032633789,32.902575753116,24.48517803881848,True,False,0.34487834753453483,405.384
106,685902.0,4356086.0,3601.906348957412,1.8272,0.5593962780355052,-0.7946251553017072,-0.6071003727240973,0.9230769230769231,-0.38461538461538464,3800.0,3780.0,60.378944837780864,700.0,164.0,864.0,36.274514454910474,7.826788065303693,11.88624704881543,36.06552463589571,26.074559852415288,True,False,0.3276748766297103,420.624
118,686338.0,4356114.0,3781.8764486059786,1.2832,0.5158900683556188,-0.9863939238321437,0.1643989873053573,-0.1643989873053573,-0.9863939238321437,3900.0,3880.0,36.00405846489775,84.0,98.0,182.0,0.4911469293250336,0.12127562955855269,0.08762707281933611,1.72776082721842,0.0,False,True,0.17841315416500517,451.10400000000004
118,686338.0,4356114.0,3781.8764486059786,1.2832,0.5158900683556188,-0.9863939238321437,0.1643989873053573,-0.1643989873053573,-0.9863939238321437,3950.0,3930.0,51.24405846489776,114.0,120.0,234.0,1.0995029362815048,0.26243176556401604,0.24548776518750048,3.467382712747264,0.0,False,True,0.22327158672057285,466.34400000000005
118,686338.0,4356114.0,3781.8764486059786,1.2832,0.5158900683556188,-0.9863939238321437,0.1643989873053573,-0.1643989873053573,-0.9863939238321437,4000.0,3980.0,66.48405846489777,152.0,152.0,304.0,2.0675070115476575,0.48326837135933354,0.5320413744404306,5.958204957936291,0.0,False,True,0.2573347376665797,481.584
126,686322.0,4356086.0,3838.802503406153,1.0336,0.6155711653447724,-0.9979267902355067,0.06435931424633967,-0.5547001962252291,-0.8320502943378437,3950.0,3930.0,33.892996961804556,78.0,130.0,208.0,0.6959552052009007,0.17751296632517688,0.11946927070410186,2.1784810430145294,0.0,False,True,0.17166229925619247,466.34400000000005
126,686322.0,4356086.0,3838.802503406153,1.0336,0.6155711653447724,-0.9979267902355067,0.06435931424633967,-0.5547001962252291,-0.8320502943378437,4000.0,3980.0,49.132996961804565,110.0,158.0,268.0,1.4884396849649946,0.3697080356154332,0.3145283500429695,4.266027305649143,0.0,False,True,0.21131413870516802,481.584
128,686218.0,4356826.0,3428.882435898494,0.9872,0.5444466199511643,-0.42635338389963207,-0.9045566826005614,0.9965457582448796,0.08304547985373997,3550.0,3530.0,36.91663353813897,352.0,74.0,426.0,6.411199809583058,1.3946395002109582,2.091803578453611,16.285233060212065,0.0,False,True,0.326273340495006,344.42400000000004
128,686218.0,4356826.0,3428.882435898494,0.9872,0.5444466199511643,-0.42635338389963207,-0.9045566826005614,0.9965457582448796,0.08304547985373997,3600.0,3580.0,52.156633538138976,372.0,104.0,476.0,9.36377953246764,2.0202971356855755,3.2930751801772433,22.709972978358362,0.0,False,True,0.3516822634235407,359.66400000000004
