station_m,E,N,z_ground_ft,H_axis_m,kind,area_m2,H_max_m,toe_us_m,toe_ds_m,base_width_m,area_us_below_nwl_m2,note
0,685936.8,4355885.2,3700,128.0,gravity,12634.487584555935,130.29329038401738,4.0,-165.0,169.0,482.98921773172924,
10,685936.8,4355895.2,3700,127.9,gravity,12652.28571484596,130.0674971269682,4.0,-166.0,170.0,483.1058230846925,
20,685936.9,4355905.2,3701,127.7,gravity,12714.808426992226,129.8181575705853,4.0,-168.0,172.0,481.85702293786994,
30,685936.9,4355915.1,3702,127.4,gravity,12842.509228780244,129.5881497355997,4.0,-172.0,176.0,480.9765723806479,
40,685936.9,4355925.1,3702,127.3,gravity,13019.015385122711,129.46223193328933,4.0,-175.0,179.0,480.6368981492817,
50,685936.9,4355935.1,3700,127.9,gravity,13769.258740554524,130.0302069029151,4.0,-188.0,192.0,482.8817249590759,
60,685939.6,4355944.7,3701,127.6,gravity,14302.54133586926,129.67374135731347,4.0,-194.0,198.0,481.19886399460097,
70,685942.7,4355954.1,3699,128.4,gravity,13575.726684993519,130.60532186200726,4.0,-185.0,189.0,484.7436232643379,
80,685945.9,4355963.6,3695,129.4,gravity,13008.684451310186,131.57826563922026,4.0,-180.0,184.0,488.81598135734953,
90,685948.7,4355973.1,3700,128.1,gravity,14157.33310545101,130.101084930051,4.0,-193.0,197.0,483.48121468011345,
100,685946.3,4355982.8,3700,128.0,gravity,12777.522252072704,130.11097037715194,4.0,-171.0,175.0,483.3799346395035,
110,685942.4,4355991.9,3701,127.8,gravity,12732.26019123105,130.05834134484235,4.0,-168.0,172.0,482.4811003540708,
120,685937.9,4356000.9,3700,128.0,gravity,13080.829705568569,129.969003561421,4.0,-170.0,174.0,483.2808433376406,
130,685933.5,4356009.8,3700,128.1,gravity,13518.610492088039,130.18437819168162,4.0,-173.0,177.0,483.8515088240615,
140,685929.1,4356018.8,3700,127.9,gravity,14519.438979282917,130.4407337256057,4.0,-187.0,191.0,482.6317708218362,
150,685927.3,4356028.5,3700,128.0,gravity,13380.193310620849,129.68478774527398,4.0,-194.0,198.0,483.9835014519556,
159,685930.6,4356037.4,3702,127.3,gravity,12906.653651445778,128.92001611793398,4.0,-195.0,199.0,481.74312518450506,
169,685936.0,4356045.8,3701,127.8,gravity,13457.770817107252,129.64859213548743,4.0,-198.0,202.0,483.2781179312367,
179,685941.4,4356054.1,3700,128.1,gravity,13247.050861040421,129.8807099004755,4.0,-191.0,195.0,484.1823664138981,
189,685946.8,4356062.5,3700,128.0,gravity,13078.903774246508,129.99363566112993,4.0,-191.0,195.0,483.842806614598,
199,685951.3,4356071.4,3699,128.3,gravity,13037.624900682236,130.1511180627797,4.0,-194.0,198.0,484.98504249155894,
209,685955.4,4356080.5,3699,128.3,gravity,12899.567395940769,130.00716423763834,4.0,-187.0,191.0,485.2427859636807,
218,685955.4,4356090.1,3699,128.3,gravity,11849.947061652478,130.02626706599494,4.0,-171.0,175.0,485.59453467862977,
228,685953.5,4356099.9,3700,128.0,gravity,11886.216188894592,129.72607805280177,4.0,-170.0,174.0,483.9999479021494,
238,685951.6,4356109.7,3701,127.7,gravity,12295.245108900268,129.34050163389315,4.0,-172.0,176.0,483.345965109851,
248,685949.7,4356119.5,3700,128.0,gravity,13704.757746517214,129.88209452818478,4.0,-192.0,196.0,484.2274389712634,
258,685951.4,4356129.3,3701,127.7,gravity,13855.616635071356,129.37587940560752,4.0,-208.0,212.0,482.80500420610747,
268,685953.5,4356139.0,3700,127.9,gravity,13979.241372967253,129.75909818385003,4.0,-208.0,212.0,483.9188771874692,
278,685958.9,4356147.4,3703,127.1,gravity,13994.287019947686,128.9586952396428,4.0,-206.0,210.0,480.21790093297227,
288,685964.4,4356155.7,3703,127.1,gravity,13909.546533736966,128.84304427051893,4.0,-199.0,203.0,479.9720922098081,
298,685969.9,4356164.1,3703,127.1,gravity,13725.147617558345,129.12268124425464,4.0,-192.0,196.0,480.40172853572244,
308,685975.3,4356172.4,3701,127.6,gravity,13375.82575960009,129.5656913297555,4.0,-187.0,191.0,482.34543422984734,
318,685980.7,4356180.8,3700,128.1,gravity,13561.096746794476,129.99816301612032,4.0,-193.0,197.0,484.1961330651186,
328,685984.2,4356190.2,3699,128.4,gravity,13905.714904487912,130.4154354581201,4.0,-204.0,208.0,485.38626140779706,
338,685985.7,4356199.9,3699,128.2,gravity,13324.897509436241,130.14585139927112,4.0,-192.0,196.0,484.4319375626601,
348,685985.6,4356209.9,3700,127.9,gravity,13335.363307918733,129.87300238732814,4.0,-190.0,194.0,483.17668727612204,
358,685985.5,4356219.9,3702,127.5,gravity,13701.825270618452,129.42456605744223,4.0,-195.0,199.0,481.8031523998884,
368,685985.4,4356229.8,3702,127.4,gravity,13984.493563031734,129.18363149239553,4.0,-200.0,204.0,481.8489885274198,
378,685985.2,4356239.8,3700,127.9,gravity,14278.772647382339,129.66040547385933,4.0,-213.0,217.0,483.7822211294563,
388,685986.8,4356249.6,3701,127.8,gravity,13635.184558215897,129.57689228441996,4.0,-200.0,204.0,483.36660319225257,
398,685989.0,4356259.4,3699,128.2,gravity,13493.699525139611,129.8754978645254,4.0,-194.0,198.0,484.6607488400009,
408,685991.1,4356269.1,3699,128.4,gravity,13430.7998420566,130.25586941580218,4.0,-191.0,195.0,485.82105199808416,
418,685993.3,4356278.9,3698,128.6,gravity,13299.083299219956,130.37918126361,4.0,-188.0,192.0,486.49082889288957,
428,685995.5,4356288.6,3699,128.5,gravity,13169.53553037126,130.09964563194353,4.0,-187.0,191.0,486.25881982050146,
438,685997.0,4356298.4,3700,128.0,gravity,13178.12205722056,129.78463424214897,4.0,-189.0,193.0,484.33071443722883,
448,685997.1,4356308.4,3700,127.9,gravity,13214.737932545939,129.62564653625327,4.0,-190.0,194.0,483.9480160758453,
458,685997.1,4356318.4,3700,128.0,gravity,13167.965741401598,129.6686021039916,4.0,-188.0,192.0,483.93342196947333,
468,685997.2,4356328.4,3701,127.7,gravity,13181.970587193064,129.41812667386966,4.0,-188.0,192.0,483.1799220655605,
478,685997.2,4356338.4,3702,127.6,gravity,13161.14533521963,129.30051784135958,4.0,-188.0,192.0,482.47601418616546,
488,685997.3,4356348.3,3702,127.4,gravity,13122.843870619225,129.09250112842415,4.0,-189.0,193.0,481.4020643277429,
498,685997.3,4356358.3,3703,127.0,gravity,13099.992291549897,128.7197825364617,4.0,-191.0,195.0,480.36743253798227,
508,685997.4,4356368.3,3703,127.0,gravity,13118.062911545774,128.58752905861184,4.0,-195.0,199.0,480.62817266774414,
518,685997.5,4356378.3,3702,127.6,gravity,13235.056813949643,128.98298477500612,4.0,-202.0,206.0,482.79898893652785,
527,685999.9,4356387.7,3701,127.7,gravity,13041.206345192646,129.22097738062098,4.0,-193.0,197.0,483.5160530083981,
537,686004.1,4356396.8,3702,127.4,gravity,13425.649391637857,128.81562977654016,4.0,-198.0,202.0,482.5442866508058,
547,686008.2,4356405.9,3702,127.5,gravity,13651.624980572537,129.0006721758416,4.0,-202.0,206.0,482.8525973537219,
557,686012.4,4356415.0,3700,127.9,gravity,13946.124279763873,129.21702683291778,4.0,-213.0,217.0,484.301689127067,
567,686017.5,4356423.5,3701,127.7,gravity,13442.03113737989,129.15379272857376,4.0,-209.0,213.0,483.78755028386854,
577,686023.5,4356431.5,3702,127.5,gravity,12717.382368159244,128.8763688727047,4.0,-198.0,202.0,482.3939509576858,
587,686029.5,4356439.4,3701,127.7,gravity,12303.660712470535,129.1705589321732,4.0,-190.0,194.0,483.7356343954639,
597,686035.5,4356447.4,3701,127.7,gravity,10763.699670102378,129.37257341221675,4.0,-156.0,160.0,483.63747752185304,
606,686044.1,4356449.3,3701,127.6,gravity,13765.274545867895,129.1092182175696,4.0,-201.0,205.0,482.92358610703695,
616,686053.3,4356445.8,3700,127.9,gravity,17309.84246994282,130.0344551602052,4.0,-225.0,229.0,483.03855073512636,
626,686062.2,4356441.2,3699,128.4,gravity,17083.09581690722,130.39598481815983,4.0,-214.0,218.0,483.5663867861783,
636,686071.0,4356436.5,3698,128.5,gravity,16882.101054950195,130.81290978943252,4.0,-212.0,216.0,484.95681242542037,
646,686079.8,4356431.9,3698,128.6,gravity,16585.331781937282,130.71705060094496,4.0,-209.0,213.0,485.42369237618595,
656,686088.7,4356427.3,3700,128.1,gravity,16386.76843534612,130.35854866160116,4.0,-209.0,213.0,483.8963528518577,
666,686097.8,4356423.3,3700,127.9,gravity,16428.651161994007,130.15355717449302,4.0,-211.0,215.0,482.96887966455324,
676,686107.3,4356420.2,3699,128.2,gravity,16347.542378750724,130.41868233058858,4.0,-210.0,214.0,483.98485943272,
686,686116.8,4356417.1,3700,128.0,gravity,16082.424107499035,130.13443970230355,4.0,-208.0,212.0,483.3425005405177,
696,686126.3,4356413.9,3700,128.0,gravity,15827.421523099048,130.09033199053806,4.0,-203.0,207.0,483.3353890449432,
706,686135.5,4356410.3,3700,127.9,gravity,14984.608345336677,130.08173739020026,4.0,-188.0,192.0,482.9440377605504,
716,686143.9,4356404.9,3702,127.3,gravity,14422.416149419874,129.50819969262284,4.0,-178.0,182.0,480.9259391541218,
726,686152.3,4356399.6,3703,127.0,gravity,14268.4068904956,129.02128669275794,4.0,-176.0,180.0,479.5554896528945,
736,686160.7,4356394.2,3701,127.6,gravity,14202.885102978742,129.67991517005476,4.0,-171.0,175.0,481.50544495704935,
745,686167.9,4356387.5,3700,127.9,gravity,13869.71278540168,130.0017298375351,4.0,-161.0,165.0,482.97618685426323,
755,686173.8,4356379.4,3702,127.4,gravity,13468.817424225377,129.4657012144362,4.0,-158.0,162.0,480.97622306659855,
765,686179.6,4356371.3,3702,127.4,gravity,13358.763033563706,129.3938733443863,4.0,-156.0,160.0,480.69475835022877,
775,686185.5,4356363.2,3701,127.6,gravity,13193.191688575067,129.64918058633384,4.0,-154.0,158.0,481.620388061556,
785,686191.4,4356355.2,3701,127.6,gravity,13051.20349834764,129.55397598375407,4.0,-153.0,157.0,481.3578772449896,
795,686197.2,4356347.1,3702,127.5,gravity,12879.827646690605,129.73724372086895,4.0,-150.0,154.0,481.2860785767368,
805,686203.1,4356339.0,3701,127.7,gravity,12761.795387391274,129.87435423298507,4.0,-148.0,152.0,481.9469402048571,
815,686209.0,4356330.9,3701,127.8,gravity,12674.672321176131,129.99104133942524,4.0,-147.0,151.0,482.7992426927108,
825,686215.3,4356323.3,3699,128.2,gravity,12703.90732172141,130.273620555834,4.0,-147.0,151.0,484.24097721172234,
835,686222.5,4356316.3,3697,128.9,gravity,12686.454103024274,130.85315675425295,4.0,-146.0,150.0,486.66126717008365,
845,686229.6,4356309.3,3696,129.1,gravity,12526.009344137477,131.08561355128973,4.0,-144.0,148.0,488.1558650746215,
855,686236.7,4356302.3,3697,129.0,gravity,12322.2334760211,131.12073237009008,4.0,-140.0,144.0,487.5780524940069,
865,686243.8,4356295.3,3698,128.7,gravity,12095.674185193362,130.72779121738836,4.0,-139.0,143.0,486.37519101167777,
875,686250.9,4356288.3,3699,128.2,gravity,11866.335807115247,130.2351397414809,4.0,-136.0,140.0,484.2972000198579,
885,686258.0,4356281.3,3700,128.0,gravity,11672.983137610141,129.90864640000245,4.0,-133.0,137.0,483.7547040553386,
895,686264.9,4356274.0,3700,128.0,gravity,11530.745725734581,130.27292854257144,4.0,-132.0,136.0,483.3714777385683,
905,686271.2,4356266.3,3700,128.1,gravity,11437.641301663507,129.54681992520773,4.0,-132.0,136.0,483.3282190553764,
915,686277.5,4356258.6,3700,128.0,gravity,11397.207014303605,129.87788834092407,4.0,-135.0,139.0,484.80971377812216,
925,686283.3,4356250.5,3701,127.8,gravity,11256.372771067034,130.13085928128658,4.0,-138.0,142.0,483.60084994678095,
935,686288.1,4356241.7,3699,128.3,gravity,10632.608917579255,130.1726217819371,4.0,-134.0,138.0,484.077148499897,
945,686292.8,4356232.9,3699,128.2,gravity,10099.81726052452,130.26342420137917,4.0,-125.0,129.0,484.04779049187323,
955,686297.6,4356224.2,3700,128.0,gravity,9806.057582766305,129.90342958076667,4.0,-122.0,126.0,483.20077888413084,
965,686303.1,4356215.8,3701,127.7,gravity,9525.414258995286,129.8560398559889,4.0,-119.0,123.0,482.6765586216934,
975,686308.8,4356207.6,3701,127.8,gravity,9059.586302405158,129.87117267132294,4.0,-114.0,118.0,482.289994357536,
985,686314.5,4356199.4,3701,127.7,gravity,8557.340289819116,129.74533017408407,4.0,-108.0,112.0,482.14944627272075,
995,686320.2,4356191.2,3701,127.6,gravity,8066.705496959488,129.77200699751393,4.0,-104.0,108.0,482.22602685545826,
1005,686325.8,4356183.0,3700,127.9,gravity,7600.986477489646,130.39232655702972,4.0,-100.0,104.0,483.06382140029905,
1015,686331.5,4356174.8,3698,128.5,gravity,7124.610456891281,131.21133159052556,4.0,-94.0,98.0,484.1211008121477,
1025,686337.2,4356166.6,3698,128.8,gravity,6661.97522135574,131.30924071958543,4.0,-90.0,94.0,485.53647905520074,
1035,686342.9,4356158.4,3696,129.2,gravity,6254.755618126895,132.48406265039762,4.0,-86.0,90.0,487.0590030473684,
1045,686348.6,4356150.2,3698,128.8,gravity,7061.333451533097,130.2126782262569,4.0,-104.0,108.0,485.0661427006262,
1050,686351.9,4356153.8,3699,128.3,gravity,5979.557509153163,130.72125183257617,4.0,-83.0,87.0,483.7147527323625,
1060,686353.9,4356163.6,3703,127.2,gravity,6058.828741265648,129.6826937347587,4.0,-81.0,85.0,480.1131755742365,
1070,686356.0,4356173.4,3702,127.3,gravity,6452.708966236893,129.38152153679584,4.0,-84.0,88.0,481.2851976289255,
1080,686358.1,4356183.1,3701,127.8,gravity,7049.973934220673,129.8822584242232,4.0,-90.0,94.0,483.1222223118664,
1090,686362.1,4356192.2,3701,127.8,gravity,7817.132173735784,129.82884942882515,4.0,-98.0,102.0,483.23275996674283,
1100,686366.8,4356201.0,3697,129.0,gravity,8336.20274094906,130.17542345101447,4.0,-103.0,107.0,487.2615155223257,
1110,686371.4,4356209.8,3697,129.1,gravity,8717.504293237738,130.84513779767326,4.0,-106.0,110.0,487.7617421097252,
1120,686376.1,4356218.7,3698,128.5,gravity,9184.968366650632,130.5047694387249,4.0,-111.0,115.0,485.3093035896527,
1129,686381.1,4356227.3,3701,127.8,gravity,9794.429391011594,130.18524831284412,4.0,-118.0,122.0,482.59383943409716,
1139,686386.9,4356235.4,3701,127.7,gravity,10331.932559769233,129.91870040073104,4.0,-126.0,130.0,482.0858348421348,
1149,686392.7,4356243.6,3700,128.0,gravity,11226.53664192701,130.44754024216422,4.0,-138.0,142.0,482.7447876783622,
1159,686399.8,4356250.3,3699,128.2,gravity,12564.806160275079,129.3547210672475,4.0,-161.0,165.0,486.02513491258014,
1169,686408.2,4356255.7,3701,127.9,gravity,11057.505592590958,129.4001040113701,4.0,-135.0,139.0,481.65620166991107,
1179,686417.3,4356258.9,3701,127.6,gravity,10096.153600530954,129.6315570832346,4.0,-117.0,121.0,481.5343796185748,
1189,686427.3,4356259.6,3702,127.3,gravity,9361.897346307805,129.91290947809352,4.0,-109.0,113.0,480.1190992406673,
1199,686437.0,4356258.8,3701,127.7,gravity,8702.381050855469,130.1048126151943,4.0,-103.0,107.0,483.0690940959016,
1209,686446.4,4356255.4,3701,127.7,gravity,8206.036136732524,129.87411114718748,4.0,-98.0,102.0,484.2652937457399,
1219,686455.8,4356252.1,3699,128.3,gravity,7846.028512000755,130.51655961896972,4.0,-96.0,100.0,484.2950757468468,
1229,686465.2,4356248.7,3700,128.1,gravity,7447.121809954067,130.35275690608728,4.0,-94.0,98.0,483.75134041235583,
1239,686474.6,4356245.3,3700,128.0,gravity,7207.6680987315,130.39721620699174,4.0,-92.0,96.0,482.88261469584563,
1249,686484.3,4356243.1,3699,128.2,gravity,6854.222319527249,130.92493529584453,4.0,-90.0,94.0,483.4846950172596,
1259,686494.1,4356240.8,3701,127.8,gravity,6382.381046780895,130.42675291833507,4.0,-87.0,91.0,481.59564332910804,
1269,686503.8,4356238.5,3704,126.8,gravity,5960.978087782005,129.20015204423453,4.0,-83.0,87.0,478.50532524807613,
1279,686513.5,4356236.2,3705,126.6,gravity,5597.825124155093,129.27395799297597,4.0,-80.0,84.0,476.97645939392874,
1289,686523.2,4356233.9,3700,128.0,gravity,9234.659020366216,128.4060417512801,4.0,-136.0,140.0,486.93840684717543,
1298,686517.3,4356241.3,3696,129.3,gravity,5452.686931899778,129.73065845270253,4.0,-75.0,79.0,486.7901327981806,
1308,686510.9,4356248.9,3703,127.1,gravity,5761.134078480777,130.2152169442113,4.0,-77.0,81.0,480.35001173783303,
1318,686504.4,4356256.5,3700,128.0,gravity,6088.212987422868,130.42846174982446,4.0,-80.0,84.0,482.6509535623816,
1328,686498.0,4356264.2,3701,127.8,gravity,6578.422816450705,130.1715016397684,4.0,-86.0,90.0,482.59458397769663,
1338,686494.1,4356273.2,3702,127.4,gravity,7408.067300081214,129.50944505829375,4.0,-101.0,105.0,480.4622000762781,
1348,686490.9,4356282.7,3703,127.0,gravity,8007.848512354373,129.7515053708255,4.0,-110.0,114.0,479.03856663927854,
1358,686487.7,4356292.1,3700,127.9,gravity,8527.281892339543,129.93754180427845,4.0,-118.0,122.0,481.67408819405455,
1368,686484.5,4356301.6,3704,126.9,gravity,9094.139493454688,129.34007361886665,4.0,-125.0,129.0,480.6056095141503,
1378,686481.3,4356311.1,3700,128.0,gravity,9405.33474876594,130.33562480102614,4.0,-127.0,131.0,482.64836244444746,
1388,686477.1,4356320.1,3699,128.3,gravity,9552.41158509598,130.44573397594172,4.0,-126.0,130.0,484.4466644527224,
1398,686472.3,4356328.8,3698,128.6,gravity,9959.63806135974,130.572807128445,4.0,-129.0,133.0,485.84660388469024,
1408,686467.5,4356337.6,3699,128.4,gravity,10149.966504507382,130.23341778465237,4.0,-130.0,134.0,485.1023719241016,
1418,686461.6,4356345.5,3700,128.1,gravity,9927.34546439449,130.24330139395238,4.0,-124.0,128.0,483.8363654320308,
1428,686454.4,4356352.4,3700,128.0,gravity,10012.869882602447,130.28078741573427,4.0,-124.0,128.0,484.56744968390376,
1437,686447.2,4356359.3,3700,128.1,gravity,10402.490049408738,130.29215396958693,4.0,-129.0,133.0,485.94776712244266,
1447,686440.0,4356366.3,3701,127.8,gravity,10831.9683018266,129.69729224208686,4.0,-134.0,138.0,484.9483993495628,
1457,686432.8,4356373.2,3701,127.7,gravity,10910.717697273696,129.60548169482718,4.0,-134.0,138.0,483.7144811279568,
1467,686424.6,4356378.9,3703,127.1,gravity,10954.972170282741,128.95406612095508,4.0,-133.0,137.0,481.0683728675831,
1477,686416.4,4356384.4,3700,128.0,gravity,11357.30935917333,129.7363636043683,4.0,-133.0,137.0,484.2065766482883,
1487,686411.0,4356392.9,3702,127.3,gravity,11431.79291743899,128.96244986270767,4.0,-135.0,139.0,481.58048257472456,
1497,686405.7,4356401.3,3700,128.1,gravity,11888.086668677792,129.12560905125542,4.0,-141.0,145.0,485.6977150318312,
1507,686404.4,4356410.9,3702,127.5,gravity,12570.151846448414,129.47840862285398,4.0,-150.0,154.0,481.1790618571706,
1517,686404.6,4356420.8,3702,127.4,gravity,12855.92622170277,129.46307488677553,4.0,-155.0,159.0,481.7246653191869,
1527,686404.8,4356430.8,3701,127.6,gravity,13020.893900498466,130.0347992148968,4.0,-158.0,162.0,482.1119064132347,
1537,686405.0,4356440.8,3702,127.5,gravity,13214.21841828317,129.5208908578295,4.0,-161.0,165.0,482.93210450172637,
1547,686405.2,4356450.8,3699,128.3,gravity,13284.481975180335,130.20835645247303,4.0,-162.0,166.0,485.13946808700575,
1557,686404.9,4356460.7,3700,128.1,gravity,13213.50914244038,129.94401418094844,4.0,-160.0,164.0,484.3792619145768,
1567,686402.9,4356470.5,3699,128.3,gravity,13233.650325079783,130.18347321275883,4.0,-159.0,163.0,485.15750117063317,
1577,686400.9,4356480.3,3698,128.5,gravity,13344.621131155072,130.94541200792514,4.0,-161.0,165.0,485.68017746519195,
1587,686398.9,4356490.1,3697,129.1,gravity,13418.402402856009,129.84309378017088,4.0,-163.0,167.0,488.4767475193878,
1597,686396.9,4356499.8,3699,128.4,gravity,13490.847009735355,130.0988811172915,4.0,-165.0,169.0,485.2765334776832,
1607,686394.9,4356509.6,3699,128.2,gravity,13556.330236328595,129.81766316386324,4.0,-166.0,170.0,484.9060226562974,
1617,686392.9,4356519.4,3700,127.9,gravity,13614.597020957703,129.71352679714823,4.0,-168.0,172.0,484.25358797361446,
1627,686390.9,4356529.2,3700,128.0,gravity,13838.435150581561,129.73572795047517,4.0,-173.0,177.0,484.57604609999066,
1637,686389.8,4356539.1,3700,127.9,gravity,13936.161061081357,129.4919644433205,4.0,-179.0,183.0,484.0050105728742,
1647,686388.9,4356549.0,3700,127.9,gravity,13854.793125744665,129.3464216296859,4.0,-184.0,188.0,484.2085442776224,
1657,686388.0,4356559.0,3701,127.6,gravity,13462.866740562346,129.1731116233584,4.0,-198.0,202.0,483.9109637210038,
1666,686389.0,4356568.7,3700,127.9,gravity,12351.365896471829,128.68183992061654,4.0,-183.0,187.0,485.3677555381805,
1676,686397.7,4356571.8,3701,127.8,gravity,10005.873584462095,128.9406744811006,4.0,-128.0,132.0,484.71235417587695,
1685,686406.5,4356568.1,3701,127.8,gravity,8588.82935880515,129.1919340270847,4.0,-109.0,113.0,484.0546819988458,
1695,686415.2,4356563.1,3701,127.6,gravity,8147.191318333079,129.08080535129238,4.0,-104.0,108.0,482.889094810449,
1705,686423.9,4356558.2,3701,127.7,gravity,7851.205793368588,129.34519027030296,4.0,-101.0,105.0,483.2029586014969,
1715,686432.6,4356553.2,3700,128.0,gravity,7565.98620597437,129.89214457263802,4.0,-99.0,103.0,484.3973795690888,
1725,686441.2,4356548.3,3701,127.8,gravity,7263.414239531253,130.28574339113766,4.0,-96.0,100.0,483.3954236721338,
1735,686449.9,4356543.3,3702,127.4,gravity,6967.169346569968,129.64671864053412,4.0,-93.0,97.0,480.48519750082096,
1745,686458.6,4356538.4,3700,128.0,gravity,6946.04387048708,128.97062454366664,4.0,-95.0,99.0,481.3585445047129,
1755,686468.1,4356536.7,3700,127.9,gravity,7618.725329629602,128.59772985268387,4.0,-107.0,111.0,487.0057088194096,
1762,686474.7,4356540.2,3699,128.3,gravity,7845.902271908177,130.27484761507026,4.0,-113.0,117.0,485.33590752380724,
1772,686475.3,4356550.2,3699,128.3,gravity,7434.134624577699,129.85849602602252,4.0,-122.0,126.0,484.3101121394393,
1782,686473.8,4356560.0,3700,128.0,gravity,7546.294523486349,129.42255234079676,4.0,-123.0,127.0,484.28687732376557,
1792,686471.5,4356569.7,3700,128.0,gravity,7715.739767842172,129.25234134279322,4.0,-123.0,127.0,484.7463514522253,
1802,686469.3,4356579.4,3701,127.7,gravity,7925.49289253685,129.2704901285099,4.0,-122.0,126.0,483.2247213343626,
1812,686467.0,4356589.1,3701,127.9,gravity,8138.630101773246,129.55842254841377,4.0,-122.0,126.0,483.84480584413564,
1822,686464.7,4356598.8,3700,127.9,gravity,8362.460902421017,129.6670595378041,4.0,-121.0,125.0,484.0674915214006,
1832,686462.4,4356608.6,3700,128.0,gravity,8614.497537737187,129.53998385648038,4.0,-122.0,126.0,484.09516570677283,
1842,686460.1,4356618.3,3700,128.0,gravity,9082.672146901028,129.81014498990044,4.0,-126.0,130.0,483.8638153168547,
1852,686458.8,4356628.1,3699,128.2,gravity,10021.468112673394,129.58732776316037,4.0,-140.0,144.0,487.06536393702186,
1862,686459.3,4356638.1,3700,127.9,gravity,10868.489652806687,129.49487454689233,4.0,-156.0,160.0,484.0929039246191,
1872,686459.7,4356648.0,3702,127.4,gravity,11508.826877435371,128.81305218287457,4.0,-169.0,173.0,482.7168640603695,
1882,686460.4,4356657.9,3700,128.0,gravity,10133.916658215132,129.06619853262896,4.0,-134.0,138.0,485.4111728811604,
1892,686467.7,4356664.8,3701,127.7,gravity,8785.621785915919,128.85519887494888,4.0,-110.0,114.0,484.23762662308695,
1901,686475.4,4356670.4,3700,128.0,gravity,7775.797043450883,129.30645528638343,4.0,-98.0,102.0,485.215062658895,
1911,686485.4,4356670.5,3701,127.7,gravity,7470.315287183259,129.02109191160957,4.0,-96.0,100.0,483.4502126797954,
1921,686495.4,4356670.7,3702,127.4,gravity,7361.6102303766,128.8346524030885,4.0,-97.0,101.0,482.9283751776393,
1931,686505.4,4356670.9,3699,128.2,gravity,7179.76257820218,129.74573302045678,4.0,-96.0,100.0,484.636890538392,
1941,686515.3,4356671.1,3700,128.0,gravity,7019.73121475225,129.69556975124283,4.0,-96.0,100.0,484.376940386715,
1951,686524.9,4356672.8,3699,128.2,gravity,7121.963471989353,129.21162605849918,4.0,-97.0,101.0,486.05579397084693,
1961,686533.2,4356678.3,3700,127.9,gravity,7072.239452323397,128.56375781429324,4.0,-97.0,101.0,484.9959978505158,
1971,686541.5,4356683.8,3699,128.3,gravity,8715.876204477794,129.266806037999,4.0,-126.0,130.0,486.8908454423072,
1979,686534.5,4356687.6,3700,128.1,gravity,6375.538088931655,130.1402709534741,4.0,-95.0,99.0,484.17092964052904,
1989,686525.2,4356691.2,3702,127.3,gravity,6574.484383888311,129.10087995980143,4.0,-99.0,103.0,482.1698067127354,
1999,686516.8,4356696.0,3700,128.0,gravity,7399.711132837674,129.15002958779792,4.0,-116.0,120.0,485.8610709711504,
2009,686510.8,4356704.0,3700,127.9,gravity,8219.664972036573,129.6160684989636,4.0,-128.0,132.0,484.6605860174343,
2019,686504.8,4356711.9,3699,128.3,gravity,8571.627419314678,129.39089131487435,4.0,-129.0,133.0,486.28496035854437,
2029,686498.8,4356719.9,3700,128.2,gravity,9651.532482838767,129.6792808746941,4.0,-138.0,142.0,485.6442340364506,
2038,686495.8,4356729.1,3699,128.2,gravity,8941.567637303213,129.66939425860687,4.0,-131.0,135.0,485.7113025095846,
2047,686487.7,4356731.5,3701,127.8,gravity,7605.017529805383,129.1663159318066,4.0,-101.0,105.0,484.0118916457634,
2057,686477.7,4356731.9,3701,127.8,gravity,7645.559903331377,129.16406854904722,4.0,-101.0,105.0,484.14843260923885,
2067,686467.8,4356732.6,3700,128.1,gravity,8252.21908051439,129.79606159815557,4.0,-114.0,118.0,485.41776235779525,
2077,686458.4,4356736.1,3700,127.9,gravity,9194.030069485463,129.6728640205597,4.0,-127.0,131.0,484.30436230427404,
2087,686449.1,4356739.7,3700,127.9,gravity,9560.567337430155,129.85478607417303,4.0,-126.0,130.0,483.65418793645836,
2097,686439.8,4356743.3,3699,128.4,gravity,10054.122433136374,129.65594642981773,4.0,-126.0,130.0,486.50894575407347,
2106,686431.2,4356747.9,3701,127.7,gravity,10620.296928865711,129.48973979135485,4.0,-137.0,141.0,483.77884508450165,
2116,686424.0,4356754.9,3701,127.7,gravity,10543.167581834761,129.09670545934978,4.0,-139.0,143.0,483.78350230092906,
2126,686415.2,4356758.7,3703,127.2,gravity,10232.72565328171,128.7630005707283,4.0,-130.0,134.0,483.4648745831703,
2136,686405.4,4356760.9,3699,128.4,gravity,10228.597550347964,129.84649706742152,4.0,-129.0,133.0,486.2526001298802,
2146,686395.7,4356763.1,3700,128.1,gravity,10613.7886982358,129.1165221798608,4.0,-137.0,141.0,485.84733563842474,
2156,686386.8,4356767.7,3700,128.0,gravity,11675.146833152952,129.02063728686517,4.0,-155.0,159.0,486.47955115774107,
2166,686379.5,4356774.0,3700,128.1,gravity,12807.915240562235,128.92569205234918,4.0,-189.0,193.0,486.30217102494817,
2176,686374.2,4356782.5,3700,128.0,gravity,12494.832656933544,128.53980477521986,4.0,-196.0,200.0,485.7104733295371,
2185,686370.1,4356791.2,3701,127.9,gravity,11879.796665201491,129.7879828511766,4.0,-180.0,184.0,484.2590021518138,
2193,686369.5,4356799.5,3698,128.7,gravity,12196.44318360939,129.9268784737544,4.0,-190.0,194.0,486.6390771578667,
2203,686361.6,4356804.8,3700,128.0,gravity,12394.222503606046,128.97930173256532,4.0,-194.0,198.0,483.92810128916335,
2213,686357.1,4356813.7,3702,127.6,gravity,12226.048131392698,129.34551515817225,4.0,-188.0,192.0,482.3538989357146,
2223,686352.5,4356822.6,3703,127.2,gravity,12388.659986791947,129.19124981405366,4.0,-187.0,191.0,483.0634181344649,
2233,686348.0,4356831.5,3700,128.0,gravity,13409.587246178467,130.13132827529557,4.0,-189.0,193.0,485.15140237470655,
2243,686346.5,4356841.4,3698,128.5,gravity,14410.88798319368,129.36334101789066,4.0,-203.0,207.0,487.7255798412082,
2253,686345.0,4356851.2,3697,128.9,gravity,14297.129951961877,129.52962171639865,4.0,-205.0,209.0,486.2086162342748,
2263,686343.4,4356861.1,3698,128.6,gravity,13957.639587524927,130.31454473393865,4.0,-203.0,207.0,485.8518761997209,
2273,686341.9,4356870.9,3700,128.1,gravity,13576.163605019685,130.22601139358494,4.0,-200.0,204.0,484.7159766492007,
2283,686340.3,4356880.8,3700,127.9,gravity,13231.060158427897,129.35015627272583,4.0,-198.0,202.0,484.31323681086315,
2293,686338.9,4356890.7,3700,128.0,gravity,11948.41970572171,129.10407849963326,4.0,-186.0,190.0,485.3367250869376,
2303,686341.9,4356900.2,3702,127.4,gravity,9358.288305812119,128.45670605979672,4.0,-141.0,145.0,483.9775068526483,
2312,686347.8,4356907.0,3701,127.8,gravity,10586.608218959915,128.72154412968052,4.0,-168.0,172.0,484.71996734780987,
2322,686357.2,4356910.2,3700,128.0,gravity,12972.24391737623,129.3340312298385,4.0,-220.0,224.0,485.499173162995,
2332,686367.1,4356911.2,3700,128.1,gravity,14215.836859325651,129.53235418085137,4.0,-229.0,233.0,485.1704524177678,
2342,686377.1,4356912.2,3699,128.4,gravity,14780.000105722756,130.03511825334385,4.0,-238.0,242.0,486.2419129964892,
2352,686387.0,4356913.2,3699,128.4,gravity,15367.772385236498,130.12569617224517,4.0,-252.0,256.0,486.7414136459752,
2362,686396.9,4356914.2,3699,128.2,gravity,16054.005807564612,130.17431954831113,4.0,-265.0,269.0,484.3098718296915,
2372,686406.9,4356915.1,3700,128.0,gravity,16994.00871290877,130.38700860408494,4.0,-278.0,282.0,485.48364380076396,
2382,686416.8,4356914.8,3697,129.0,gravity,18151.45253105186,130.71406045521394,4.0,-274.0,278.0,486.3604372345378,
2392,686426.8,4356914.5,3700,128.1,gravity,19157.955012538332,130.42686350161148,4.0,-286.0,290.0,483.8230444856929,
2402,686436.8,4356914.1,3699,128.4,gravity,20200.266368068107,130.57380615853594,4.0,-293.0,297.0,484.949170689898,
2412,686446.8,4356913.8,3697,129.0,gravity,21034.066864399418,131.3471205043079,4.0,-297.0,301.0,487.1354838039724,
2422,686456.8,4356913.5,3697,128.9,gravity,21750.932521326482,131.37794701781945,4.0,-303.0,307.0,486.78878967044056,
2432,686466.7,4356913.1,3698,128.5,gravity,22185.09526980006,130.78894725406144,4.0,-310.0,314.0,485.0566514952827,
2442,686476.7,4356912.8,3698,128.7,gravity,22038.83532611499,131.00595728449116,4.0,-311.0,315.0,485.4906848001863,
2452,686486.7,4356912.5,3698,128.6,gravity,21579.74478209339,131.1341775720948,4.0,-302.0,306.0,484.50177495516164,
2462,686496.7,4356912.2,3699,128.3,gravity,20775.05645957865,130.5629195709928,4.0,-293.0,297.0,484.4808166273742,
2472,686506.7,4356911.8,3700,127.9,gravity,19315.14048398225,130.00215600523666,4.0,-268.0,272.0,483.4193999244328,
2481,686516.2,4356909.9,3699,128.3,gravity,15954.662117873839,130.36176240975396,4.0,-229.0,233.0,484.34189414721914,
2491,686525.3,4356905.7,3699,128.2,gravity,17350.347161621332,129.6998469470086,4.0,-263.0,267.0,485.55514821110773,
2500,686528.3,4356913.5,3701,127.9,gravity,13456.287469783743,129.5958129031053,4.0,-178.0,182.0,484.47670641941477,
2509,686537.2,4356917.2,3701,127.7,gravity,20692.5579118913,129.1240723864753,4.0,-306.0,310.0,483.93717578390783,
2519,686546.9,4356917.4,3699,128.2,gravity,18682.36799867176,129.27694790721898,4.0,-242.0,246.0,486.2243203362425,
2529,686556.6,4356915.1,3699,128.2,gravity,15094.592453216934,129.58215315277653,4.0,-204.0,208.0,485.7866517252364,
2539,686565.6,4356911.2,3701,127.6,gravity,13080.415622387682,130.26586956888673,4.0,-187.0,191.0,481.97406753175846,
2548,686574.3,4356907.9,3700,128.1,gravity,17462.830943887457,130.30182449160156,4.0,-292.0,296.0,483.7139670354418,
2557,686580.4,4356914.7,3699,128.4,gravity,11432.894542138572,129.7687737265412,4.0,-171.0,175.0,485.54437927000527,
2567,686585.0,4356923.6,3702,127.5,gravity,14502.57402307704,129.15756461769865,4.0,-204.0,208.0,482.84257051511827,
2576,686593.1,4356927.6,3701,127.6,gravity,21433.839139741278,129.36511786328379,4.0,-295.0,299.0,482.5248207290292,
2586,686602.9,4356929.2,3701,127.8,gravity,16830.077855202788,129.61272613761275,4.0,-212.0,216.0,482.31516689323485,
2596,686612.5,4356926.8,3702,127.3,gravity,13394.801819062708,129.25263540339188,4.0,-170.0,174.0,480.5783295587139,
2606,686621.9,4356923.6,3704,126.8,gravity,12513.588051940433,128.65025007654958,4.0,-158.0,162.0,479.59021832328904,
2616,686631.4,4356920.4,3704,126.9,gravity,12092.495160466464,129.217030240678,4.0,-150.0,154.0,479.17721871630147,
2626,686640.8,4356917.2,3700,127.9,gravity,11624.309210353287,129.69459103577378,4.0,-138.0,142.0,483.4762547623957,
2636,686650.0,4356913.4,3700,128.1,gravity,11036.126909245153,130.3652910276137,4.0,-125.0,129.0,483.3565923437286,
2646,686658.7,4356908.4,3702,127.6,gravity,10463.774450426028,129.7547745149393,4.0,-119.0,123.0,481.38329984235133,
2656,686667.3,4356903.4,3702,127.5,gravity,10145.101076489542,129.6138144727645,4.0,-117.0,121.0,480.4891429058148,
2666,686675.9,4356898.4,3705,126.5,gravity,10294.561724050713,128.84138753071443,4.0,-120.0,124.0,476.9577067327816,
2675,686685.1,4356896.8,3700,127.9,gravity,10474.434407394487,130.24821477674664,4.0,-122.0,126.0,482.3057882288176,
2685,686694.6,4356894.0,3699,128.2,gravity,9821.969422433289,130.30841426638767,4.0,-115.0,119.0,484.5918907015207,
2695,686704.0,4356890.8,3700,128.0,gravity,9176.947341701081,130.24708585691565,4.0,-109.0,113.0,483.3125526504766,
2705,686713.2,4356886.8,3700,128.0,gravity,8666.772599952828,130.31514239017247,4.0,-105.0,109.0,483.08826022066955,
2715,686722.3,4356882.8,3700,128.1,gravity,8197.090167428396,130.1774495195184,4.0,-101.0,105.0,483.4272239941188,
2725,686731.2,4356878.1,3700,127.9,gravity,7750.128313742246,130.11944700388676,4.0,-98.0,102.0,482.59298497827217,
2735,686739.8,4356873.2,3701,127.6,gravity,7373.509658558625,129.9856386396484,4.0,-94.0,98.0,481.21126751136785,
2745,686748.5,4356868.2,3701,127.9,gravity,6974.06258882024,129.5809174422236,4.0,-90.0,94.0,483.4237806748745,
2755,686756.6,4356862.6,3701,127.8,gravity,6666.948110079941,129.85386703659833,4.0,-86.0,90.0,483.135722785951,
2765,686763.7,4356855.5,3701,127.6,gravity,6617.953179290557,128.95797293920623,4.0,-86.0,90.0,483.0063225337028,
2775,686772.2,4356851.1,3700,128.1,gravity,6669.298837035278,129.23692520594318,4.0,-87.0,91.0,485.8882346690141,
2785,686781.9,4356848.7,3701,127.8,gravity,6432.681154420262,130.2565699838949,4.0,-87.0,91.0,483.1362538663602,
2794,686790.2,4356845.3,3703,127.1,gravity,5664.484845075503,128.31472738190905,4.0,-79.0,83.0,480.74651019471025,
2804,686789.8,4356835.3,3727,119.9,gravity,5937.248369723007,119.97900380207147,4.0,-91.0,95.0,454.61485433012854,
2814,686789.4,4356825.4,3748,113.5,gravity,5470.038632782924,113.48507197003914,4.0,-86.0,90.0,429.460824045286,
2824,686789.0,4356815.4,3762,109.1,gravity,5058.151792023672,109.37737435292547,4.0,-83.0,87.0,412.5762011709962,
2833,686788.6,4356805.4,3776,105.0,gravity,4628.258963108696,105.88165216613174,4.0,-80.0,84.0,397.1229653749367,
2843,686788.2,4356795.4,3786,101.9,gravity,4231.359297507287,103.32067425149398,4.0,-77.0,81.0,386.0009339561823,
2853,686787.8,4356785.4,3797,98.5,gravity,3865.129326829059,99.5235522643327,4.0,-74.0,78.0,371.65713723919816,
2863,686787.4,4356775.5,3811,94.1,gravity,3501.323128736897,95.56460769210639,4.0,-71.0,75.0,355.0033021967588,
2873,686787.0,4356765.5,3823,90.4,gravity,3182.7058791716336,91.6326618672922,4.0,-68.0,72.0,339.84573482061114,
2883,686786.6,4356755.5,3838,85.9,gravity,2911.0424860104877,86.26805972523084,4.0,-64.0,68.0,320.03641873114566,
2893,686786.2,4356745.5,3855,80.7,gravity,2664.4487579060396,81.34031688711752,4.0,-61.0,65.0,299.7818142666031,
2903,686785.8,4356735.6,3867,77.0,gravity,2450.2426325652414,77.11567836020095,4.0,-58.0,62.0,283.9420423786228,
2913,686785.4,4356725.6,3882,72.6,gravity,2265.9787602111337,73.0295699230453,4.0,-56.0,60.0,266.784720317512,
2923,686785.0,4356715.6,3892,69.5,gravity,2121.637033003777,70.06280509101975,4.0,-53.0,57.0,254.7164596827149,
2933,686784.6,4356705.6,3898,67.8,gravity,2003.3778255740635,68.30134457209829,4.0,-51.0,55.0,247.8098140373138,
2943,686784.2,4356695.7,3901,66.7,gravity,1944.1328094444525,67.17690921168537,4.0,-51.0,55.0,243.38426093212388,
2953,686783.8,4356685.7,3905,65.6,gravity,1886.2829513238316,66.24131564779464,4.0,-50.0,54.0,239.25985940264104,
2963,686783.4,4356675.7,3907,65.0,gravity,1867.5762790667238,65.78938802565222,4.0,-49.0,53.0,237.24856689762487,
2973,686783.0,4356665.7,3906,65.1,gravity,1835.5850426845489,65.89715604976845,4.0,-48.0,52.0,237.6380330309853,
2983,686782.6,4356655.8,3905,65.6,gravity,1827.0427055716548,66.52999287001944,4.0,-47.0,51.0,239.92630438722313,
2993,686782.2,4356645.8,3902,66.4,gravity,1827.4134408543596,67.26778277711992,4.0,-47.0,51.0,242.87023311142093,
3003,686781.8,4356635.8,3900,67.1,gravity,1824.4096172999332,68.20766446717266,4.0,-46.0,50.0,246.22153844383615,
3013,686781.4,4356625.8,3901,66.8,gravity,1797.7127299977913,67.83137036057019,4.0,-45.0,49.0,244.8968568790292,
3023,686781.0,4356615.9,3901,66.6,gravity,1761.5248209918698,67.95749186920852,4.0,-45.0,49.0,244.7670766385304,
3033,686780.6,4356605.9,3899,67.3,gravity,1762.8580253460111,68.70020457935857,4.0,-45.0,49.0,247.58972017788142,
3043,686780.2,4356595.9,3894,68.9,gravity,1821.9896720749402,69.93612417695613,4.0,-44.0,48.0,253.34467028692984,
3053,686779.8,4356585.9,3905,65.7,gravity,1764.7979595427278,66.55815612468723,4.0,-45.0,49.0,240.07074458170837,
3063,686779.4,4356576.0,3912,63.4,gravity,1646.4350072691552,64.3854862029923,4.0,-43.0,47.0,231.26120139159548,
3073,686779.0,4356566.0,3915,62.5,gravity,1586.169395587419,63.547699791860396,4.0,-42.0,46.0,227.65296601001228,
3083,686778.6,4356556.0,3915,62.5,gravity,1565.0087218843885,63.66944520017387,4.0,-41.0,45.0,228.0009822824004,
3093,686778.2,4356546.0,3911,63.6,gravity,1585.2431228570426,65.02940835679442,4.0,-41.0,45.0,232.93465362684947,
3103,686777.8,4356536.1,3903,66.2,gravity,1646.8575286054242,67.97271434373215,4.0,-41.0,45.0,244.03198274279544,
3113,686777.4,4356526.1,3900,66.9,gravity,1635.3398213244855,67.99674790741301,4.0,-41.0,45.0,245.63435156592845,
3123,686777.2,4356516.1,3909,64.2,gravity,1595.608103279598,64.50020219188877,4.0,-41.0,45.0,231.1403886706098,
3133,686776.9,4356506.1,3926,59.0,gravity,1584.0179760194362,59.15401083877941,4.0,-42.0,46.0,211.48342724402892,
3143,686776.5,4356496.1,3943,53.9,gravity,1480.8257172292683,54.059708386276725,4.0,-42.0,46.0,191.54870385355684,
3153,686776.1,4356486.2,3950,51.9,gravity,1375.7542464270214,52.086800607330815,4.0,-42.0,46.0,183.5342073276695,
3163,686775.6,4356476.2,3954,50.7,gravity,1297.6474112978576,50.91907658336686,4.0,-40.0,44.0,178.81624618474075,
3173,686775.1,4356466.2,3958,49.3,gravity,1209.6162836459334,49.671160136336994,4.0,-39.0,43.0,173.5547386746548,
3183,686774.7,4356456.3,3963,47.9,gravity,1128.3831100208229,48.48407622638251,4.0,-37.0,41.0,168.3666936788245,
3193,686774.2,4356446.3,3965,47.2,gravity,1070.2439907799865,47.9660722954593,4.0,-36.0,40.0,165.85056631070734,
3203,686773.8,4356436.3,3965,47.1,gravity,1036.3976990707652,47.840270602688406,4.0,-35.0,39.0,165.5484986392662,
3213,686773.3,4356426.3,3964,47.4,gravity,1026.8121797839126,48.21395816023596,4.0,-35.0,39.0,166.8555051496444,
3223,686772.8,4356416.4,3962,48.0,gravity,1031.2914007483485,49.069398538263385,4.0,-34.0,38.0,169.92168046472466,
3233,686772.4,4356406.4,3960,48.7,gravity,1055.067979652784,49.9007807112971,4.0,-35.0,39.0,172.7565122720846,
3243,686771.9,4356396.4,3955,50.4,gravity,1117.7214407943388,51.52057770514193,4.0,-36.0,40.0,179.45507416976557,
3253,686771.4,4356386.4,3947,52.7,gravity,1223.2056841265542,53.74123147803334,4.0,-38.0,42.0,188.63485168561215,
3263,686771.0,4356376.5,3938,55.5,gravity,1323.4339871940876,56.45362009609357,4.0,-38.0,42.0,199.56996950590315,
3273,686770.5,4356366.5,3948,52.3,gravity,1282.986003281379,52.817219982203596,4.0,-37.0,41.0,185.79901630506674,
3283,686770.1,4356356.5,3964,47.6,gravity,1177.7373623897356,47.95965356024112,4.0,-37.0,41.0,166.8181571589305,
3293,686769.6,4356346.5,3979,43.0,gravity,1042.027266384469,43.17190252420096,4.0,-38.0,42.0,147.93247609250852,
3303,686769.1,4356336.6,3994,38.5,gravity,836.7964620305765,38.81646708609105,4.0,-35.0,39.0,130.23507932955386,
3313,686768.7,4356326.6,4007,34.5,gravity,675.3920856290381,34.92172263656994,4.0,-30.0,34.0,114.57302264496525,
3323,686768.2,4356316.6,4019,30.8,gravity,548.2441577646787,31.23048724056457,4.0,-27.0,31.0,99.59734131101732,
3333,686767.7,4356306.7,4029,27.8,gravity,457.58656096683603,28.639639568852772,4.0,-24.0,28.0,88.37089495378268,
3343,686767.3,4356296.7,4039,24.8,gravity,365.52189463361924,25.444633116102295,4.0,-21.0,25.0,75.99088134473004,
3353,686766.8,4356286.7,4048,21.9,gravity,297.33682214581177,22.66671694805723,4.0,-18.0,22.0,64.84366308151198,
3363,686766.4,4356276.7,4057,19.3,gravity,239.0631537769143,20.143608040126992,4.0,-16.0,20.0,54.47568542519025,
3373,686765.9,4356266.8,4064,17.2,gravity,197.31782565263188,17.99532072824809,4.0,-14.0,18.0,45.94605999878604,
3383,686765.4,4356256.8,4069,15.5,gravity,171.81633243042006,16.470697538903323,4.0,-13.0,17.0,39.60441393948781,
3393,686765.0,4356246.8,4071,15.0,gravity,163.0848521130249,15.878172374037376,4.0,-13.0,17.0,37.31903039990971,
3403,686764.5,4356236.8,4070,15.3,gravity,166.52146660037306,16.31803162749202,4.0,-13.0,17.0,38.77987247492024,
3413,686764.0,4356226.9,4067,16.1,gravity,177.69715215182214,17.27931267165104,4.0,-13.0,17.0,42.32495252665103,
3423,686763.6,4356216.9,4063,17.4,gravity,194.05021907091623,18.50458108833027,4.0,-14.0,18.0,47.46633726516052,
3433,686763.1,4356206.9,4058,18.9,gravity,219.64354861423772,19.900886631659887,4.0,-14.0,18.0,53.15222860520339,
3442,686762.7,4356197.0,4053,20.4,gravity,248.3353882432616,21.46825358093929,4.0,-15.0,19.0,59.36941655071223,
3452,686762.2,4356187.0,4047,22.4,gravity,285.60851478872246,23.46180014261813,4.0,-17.0,21.0,67.2956890098094,
3462,686761.7,4356177.0,4040,24.5,gravity,326.43924687749427,25.5910982125979,4.0,-18.0,22.0,75.84293359897902,
3472,686761.3,4356167.0,4033,26.5,gravity,369.5951886691769,27.65187831540129,4.0,-19.0,23.0,83.90348634726024,
3482,686760.8,4356157.1,4025,28.9,gravity,425.5291521431345,29.973165609650096,4.0,-20.0,24.0,93.39639191054766,
3492,686760.3,4356147.1,4018,31.2,gravity,473.77825490294913,32.25766916052612,4.0,-21.0,25.0,102.49252054781459,
3502,686759.9,4356137.1,4014,32.3,gravity,517.4790227824615,33.5380124908113,4.0,-23.0,27.0,107.22833491381039,
3512,686759.4,4356127.1,4008,34.0,gravity,564.7218756970324,35.10921977921225,4.0,-24.0,28.0,113.93929867795077,
3522,686758.9,4356117.2,4002,36.0,gravity,627.0914753229736,37.06522125614583,4.0,-26.0,30.0,121.78426000557874,
3532,686758.5,4356107.2,3994,38.5,gravity,702.745707244002,39.514660023930674,4.0,-28.0,32.0,131.73922365396243,
3542,686758.0,4356097.2,3983,41.7,gravity,805.247172984396,42.686672639934386,4.0,-30.0,34.0,144.30856270327627,
3552,686757.6,4356087.3,3969,46.0,gravity,977.6689716176088,47.32289408367183,4.0,-34.0,38.0,162.48992050891434,
3562,686757.1,4356077.3,3971,45.4,gravity,912.9704615658072,46.72791167835976,4.0,-32.0,36.0,159.90293034145589,
3572,686756.6,4356067.3,3983,41.8,gravity,821.7506424519236,42.66823399217833,4.0,-30.0,34.0,144.50695319781107,
3582,686756.2,4356057.3,3991,39.2,gravity,747.77737536226,39.74520271621327,4.0,-29.0,33.0,133.60720039921512,
3592,686755.7,4356047.4,3999,36.8,gravity,670.8059185646962,37.189291447407186,4.0,-27.0,31.0,123.6879452044152,
3602,686755.2,4356037.4,4007,34.3,gravity,578.2115708704587,34.942070400375314,4.0,-25.0,29.0,114.24893456927612,
3612,686754.8,4356027.4,4014,32.3,gravity,510.3484435350549,32.96673739370158,4.0,-23.0,27.0,106.25253358636769,
3622,686754.3,4356017.4,4019,30.9,gravity,470.9578671326865,32.19817067022518,4.0,-21.0,25.0,101.39247396771248,
3632,686753.9,4356007.5,4016,31.8,gravity,467.63256098100965,33.332935100225995,4.0,-21.0,25.0,105.87096504710189,
3642,686753.4,4355997.5,4014,32.3,gravity,474.1752696155577,33.72125193088891,4.0,-21.0,25.0,107.48734348773564,
3652,686752.9,4355987.5,4016,31.8,gravity,464.64384030737574,33.485176460002776,4.0,-21.0,25.0,106.16149570568746,
3662,686752.5,4355977.5,4017,31.3,gravity,456.5305401665769,32.848602824531326,4.0,-21.0,25.0,103.71427844687923,
3672,686752.0,4355967.6,4020,30.6,gravity,447.1377934714319,32.05616746045894,4.0,-20.0,24.0,101.02000151613333,
3682,686751.5,4355957.6,4022,30.0,gravity,436.188996261141,31.68016942995041,4.0,-20.0,24.0,98.90116275539935,
3692,686751.1,4355947.6,4020,30.4,gravity,434.38462667120893,32.103744746740404,4.0,-20.0,24.0,100.67489473911428,
3702,686750.6,4355937.7,4024,29.2,gravity,437.19013152407956,30.638995724402093,4.0,-21.0,25.0,95.69115214320254,
3712,686750.2,4355927.7,4030,27.4,gravity,372.65616210545545,27.625990600334944,4.0,-19.0,23.0,81.38303548951899,
3722,686749.7,4355917.7,4050,21.3,gravity,319.84532848726917,22.71946611949943,4.0,-18.0,22.0,58.33652589231997,
3732,686749.2,4355907.7,4071,15.0,gravity,226.8347242238267,16.428823992446723,4.0,-18.0,22.0,34.331115819960814,
3742,686748.8,4355897.8,4081,11.7,gravity,135.02466730321476,11.92440802123565,4.0,-14.0,18.0,20.320015285830095,
3752,686748.3,4355887.8,4094,7.9,gravity,78.26919038361416,8.139689183650717,4.0,-10.0,14.0,6.009785297949293,
3762,686747.8,4355877.8,4110,3.1,gravity,23.647976568296144,3.1165568697695107,4.0,-6.0,10.0,0.0,
3772,686747.4,4355867.8,4126,0.0,gravity,0.0,0.0,,,,0.0,ground at/above crest
3780,686745.1,4355859.8,4139,0.0,gravity,0.0,0.0,,,,0.0,ground at/above crest
3790,686735.1,4355860.1,4143,0.0,gravity,0.0,0.0,,,,0.0,ground at/above crest
3800,686725.2,4355860.4,4150,0.0,gravity,0.0,0.0,,,,0.0,ground at/above crest
3810,686715.2,4355860.7,4158,0.0,gravity,0.0,0.0,,,,0.0,ground at/above crest
3820,686705.2,4355861.1,4164,0.0,gravity,0.0,0.0,,,,0.0,ground at/above crest
3830,686695.2,4355861.4,4172,0.0,gravity,0.0,0.0,,,,0.0,ground at/above crest
3840,686685.3,4355861.7,4178,0.0,gravity,0.0,0.0,,,,0.0,ground at/above crest
3850,686675.3,4355862.0,4182,0.0,gravity,0.0,0.0,,,,0.0,ground at/above crest
3860,686665.3,4355862.3,4184,0.0,gravity,0.0,0.0,,,,0.0,ground at/above crest
3870,686655.3,4355862.6,4187,0.0,gravity,0.0,0.0,,,,0.0,ground at/above crest
3880,686645.3,4355862.9,4189,0.0,gravity,0.0,0.0,,,,0.0,ground at/above crest
3890,686635.4,4355863.3,4192,0.0,gravity,0.0,0.0,,,,0.0,ground at/above crest
3900,686625.4,4355863.6,4196,0.0,gravity,0.0,0.0,,,,0.0,ground at/above crest
3910,686615.4,4355863.9,4205,0.0,gravity,0.0,0.0,,,,0.0,ground at/above crest
3920,686605.4,4355864.2,4212,0.0,gravity,0.0,0.0,,,,0.0,ground at/above crest
3930,686595.4,4355864.5,4220,0.0,gravity,0.0,0.0,,,,0.0,ground at/above crest
3940,686585.5,4355864.8,4227,0.0,gravity,0.0,0.0,,,,0.0,ground at/above crest
3950,686575.5,4355865.1,4232,0.0,gravity,0.0,0.0,,,,0.0,ground at/above crest
3960,686565.5,4355865.4,4234,0.0,gravity,0.0,0.0,,,,0.0,ground at/above crest
3970,686555.5,4355865.8,4233,0.0,gravity,0.0,0.0,,,,0.0,ground at/above crest
3980,686545.5,4355866.1,4230,0.0,gravity,0.0,0.0,,,,0.0,ground at/above crest
3990,686535.6,4355866.4,4225,0.0,gravity,0.0,0.0,,,,0.0,ground at/above crest
4000,686525.6,4355866.7,4212,0.0,gravity,0.0,0.0,,,,0.0,ground at/above crest
4010,686515.6,4355867.0,4198,0.0,gravity,0.0,0.0,,,,0.0,ground at/above crest
4020,686505.6,4355867.3,4187,0.0,gravity,0.0,0.0,,,,0.0,ground at/above crest
4030,686495.7,4355867.6,4177,0.0,gravity,0.0,0.0,,,,0.0,ground at/above crest
4040,686485.7,4355868.0,4166,0.0,gravity,0.0,0.0,,,,0.0,ground at/above crest
4050,686475.7,4355868.3,4157,0.0,gravity,0.0,0.0,,,,0.0,ground at/above crest
4060,686465.7,4355868.6,4153,0.0,gravity,0.0,0.0,,,,0.0,ground at/above crest
4070,686455.7,4355868.9,4147,0.0,gravity,0.0,0.0,,,,0.0,ground at/above crest
4080,686445.8,4355869.2,4140,0.0,gravity,0.0,0.0,,,,0.0,ground at/above crest
4090,686435.8,4355869.5,4129,0.0,gravity,0.0,0.0,,,,0.0,ground at/above crest
4100,686425.8,4355869.8,4127,0.0,gravity,0.0,0.0,,,,0.0,ground at/above crest
4110,686415.8,4355870.1,4123,0.0,gravity,0.0,0.0,,,,0.0,ground at/above crest
4120,686405.8,4355870.5,4108,3.5,gravity,25.17141827401815,3.8591953837437813,4.0,-5.0,9.0,0.0,
4130,686395.9,4355870.8,4101,5.9,gravity,46.29179735631851,6.706633950451078,4.0,-7.0,11.0,1.082616751917385,
4140,686385.9,4355871.1,4087,10.0,gravity,99.30810616499252,10.73028315724514,4.0,-10.0,14.0,17.142997710557893,
4150,686375.9,4355871.4,4073,14.4,gravity,162.84461296749305,15.163946260013518,4.0,-14.0,18.0,34.67685705411486,
4160,686365.9,4355871.7,4056,19.5,gravity,257.7262426434861,20.215246093121777,4.0,-17.0,21.0,54.89761620821628,
4170,686355.9,4355872.0,4040,24.4,gravity,366.1728309771065,25.042651235664152,4.0,-20.0,24.0,74.46781522889842,
4180,686346.0,4355872.3,4040,24.5,gravity,342.5503089351298,24.94935810384095,4.0,-18.0,22.0,74.50049507330141,
4190,686336.0,4355872.7,4058,19.0,gravity,242.17936928015365,19.627105385718323,4.0,-16.0,20.0,52.930404391142474,
4200,686326.0,4355873.0,4070,15.1,gravity,173.25003721350708,15.41040655353504,4.0,-13.0,17.0,36.67129355058319,
4210,686316.0,4355873.3,4085,10.7,gravity,110.96991754520786,11.125130159556193,4.0,-11.0,15.0,19.27299648582425,
4220,686306.1,4355873.6,4098,6.9,gravity,58.537954316653895,6.85223540608672,4.0,-8.0,12.0,2.768179122564561,
4230,686296.1,4355873.9,4113,2.3,gravity,16.827051536253748,2.8663878614449914,4.0,-5.0,9.0,0.0,
4240,686286.1,4355874.2,4125,0.0,gravity,0.0,0.0,,,,0.0,ground at/above crest
4250,686276.1,4355874.5,4135,0.0,gravity,0.0,0.0,,,,0.0,ground at/above crest
4260,686266.1,4355874.8,4149,0.0,gravity,0.0,0.0,,,,0.0,ground at/above crest
4270,686256.2,4355875.2,4158,0.0,gravity,0.0,0.0,,,,0.0,ground at/above crest
4279,686246.2,4355875.5,4164,0.0,gravity,0.0,0.0,,,,0.0,ground at/above crest
4289,686236.2,4355875.8,4165,0.0,gravity,0.0,0.0,,,,0.0,ground at/above crest
4299,686226.2,4355876.1,4161,0.0,gravity,0.0,0.0,,,,0.0,ground at/above crest
4309,686216.2,4355876.4,4155,0.0,gravity,0.0,0.0,,,,0.0,ground at/above crest
4319,686206.3,4355876.7,4145,0.0,gravity,0.0,0.0,,,,0.0,ground at/above crest
4329,686196.3,4355877.0,4134,0.0,gravity,0.0,0.0,,,,0.0,ground at/above crest
4339,686186.3,4355877.4,4120,0.0,gravity,0.0,0.0,,,,0.0,ground at/above crest
4349,686176.3,4355877.7,4107,3.9,gravity,30.560179275285464,4.0904371269732565,4.0,-6.0,10.0,0.0,
4359,686166.4,4355878.0,4095,7.6,gravity,68.92845986713746,7.932897158400692,4.0,-9.0,13.0,6.804683245550677,
4369,686156.4,4355878.3,4085,10.8,gravity,108.26712009971789,11.190527204982118,4.0,-11.0,15.0,19.482242014534677,
4379,686146.4,4355878.6,4076,13.5,gravity,147.29553298911833,13.991205196413603,4.0,-13.0,17.0,30.55239861196378,
4389,686136.4,4355878.9,4068,15.7,gravity,183.76239068215318,16.32900693048009,4.0,-14.0,18.0,39.77668912213403,
4399,686126.4,4355879.2,4062,17.7,gravity,216.6961080837757,18.203275845473627,4.0,-15.0,19.0,47.389423367534164,
4409,686116.5,4355879.5,4057,19.3,gravity,246.28812264587123,19.87356309651932,4.0,-17.0,21.0,54.103067152360836,
4419,686106.5,4355879.9,4052,20.9,gravity,276.4208821348784,21.48173098516304,4.0,-17.0,21.0,60.33822906926957,
4429,686096.5,4355880.2,4045,22.8,gravity,316.6929497031465,23.485965662148374,4.0,-19.0,23.0,68.1900239350914,
4439,686086.5,4355880.5,4037,25.4,gravity,382.7971143778939,26.21491109475619,4.0,-21.0,25.0,78.85932822111863,
4449,686076.5,4355880.8,4023,29.5,gravity,488.05611774267413,29.987252338291682,4.0,-24.0,28.0,94.57316518998596,
4459,686066.6,4355881.1,4007,34.5,gravity,644.9326444340745,34.92389454932163,4.0,-28.0,32.0,114.41211382006736,
4469,686056.6,4355881.4,3985,41.0,gravity,874.1145025696419,41.185587900022256,4.0,-33.0,37.0,140.05799563981373,
4479,686046.6,4355881.7,3963,47.9,gravity,1152.2284239106523,48.159735489741706,4.0,-39.0,43.0,167.70846418722226,
4489,686036.6,4355882.1,3939,55.2,gravity,1477.2044032074596,55.300343142037036,4.0,-44.0,48.0,196.48081864108644,
4499,686026.6,4355882.4,3916,62.3,gravity,1849.427795169965,62.5346607142767,4.0,-50.0,54.0,225.2354134661182,
4509,686016.7,4355882.7,3893,69.1,gravity,2267.0910193389846,69.53868920985633,4.0,-56.0,60.0,252.84049777896348,
4519,686006.7,4355883.0,3868,76.8,gravity,2748.7613208611906,76.95548957285473,4.0,-62.0,66.0,283.02484883710395,
4529,685996.7,4355883.3,3843,84.4,gravity,3247.1790658830905,84.38485179077543,4.0,-68.0,72.0,312.93440797667154,
4539,685986.7,4355883.6,3818,92.1,gravity,3807.0705116719973,92.29967573477029,4.0,-74.0,78.0,344.3969603646078,
4549,685976.8,4355883.9,3793,99.8,gravity,4388.25634240295,99.84027657222373,4.0,-79.0,83.0,374.9349833315059,
4559,685966.8,4355884.2,3769,106.9,gravity,4991.950497545742,106.90301756064332,4.0,-84.0,88.0,403.0692490311774,
4569,685956.8,4355884.6,3746,113.9,gravity,5625.657880917495,113.925612563698,4.0,-90.0,94.0,431.13406878741966,
4579,685946.8,4355884.9,3723,121.0,gravity,6293.246984120582,120.99902873214774,4.0,-95.0,99.0,459.5232229203232,
4589,685936.8,4355885.2,3700,128.0,gravity,6977.484181624241,128.03753985524577,4.0,-100.0,104.0,487.63341453025646,
