station,E,N,z_ground_ft,H_axis,slope_us_deg,slope_ds_deg,rcc_area,rcc_toe_us,rcc_toe_ds,rcc_base,rcc_Hmax,rcc_us_wedge,rcc_closes,cfrd_area,cfrd_toe_us,cfrd_toe_ds,cfrd_base,cfrd_Hmax,cfrd_us_wedge,cfrd_closes,ecrd_area,ecrd_toe_us,ecrd_toe_ds,ecrd_base,ecrd_Hmax,ecrd_us_wedge,ecrd_closes,rockfill_area,rockfill_toe_us,rockfill_toe_ds,rockfill_base,rockfill_Hmax,rockfill_us_wedge,rockfill_closes
0.0,686063.3328844977,4355881.214347596,4000.003936848031,36.574800048720135,15.250845203339457,34.47630318492355,1562.2567288082435,4.0,-73.0,77.0,38.389725895386164,117.89940441037515,True,11007.524084612878,35.0,-360.0,395.0,39.76962295091789,599.1830601852773,True,29430.0183084855,43.0,-561.0,604.0,67.17237411314136,704.0314403523278,True,19104.54862514474,37.0,-537.0,574.0,50.828960298567154,636.9829161582484,True
9.958848545383619,686066.8199592681,4355890.5427437015,4002.414635112089,35.840019217835334,15.033327319404494,33.86245450800668,1419.1228220134592,4.0,-69.0,73.0,37.53421616358787,115.70853014435284,True,10211.521957613919,36.0,-340.0,376.0,38.649950183606734,616.3707626453095,True,28293.491973996643,45.0,-563.0,608.0,66.19335899226417,731.9802185542308,True,17928.120142066586,39.0,-538.0,577.0,51.173185748256856,657.7783082164567,True
19.917697091680367,686070.3070340386,4355899.871139808,4001.0246954515933,36.26367282635442,15.474002649460404,32.459637813581985,1274.7620573271658,4.0,-61.0,65.0,37.74405256829232,117.96266001722438,True,7311.749454538065,36.0,-251.0,287.0,38.569603952781335,640.6203992681583,True,25239.28127462425,46.0,-627.0,673.0,54.456481354572816,762.4246707372979,True,12504.312630828159,40.0,-572.0,612.0,44.683160617263866,684.2850115987983,True
29.65531833566645,686076.2146775506,4355907.612006402,4001.4351228665905,36.13857455026323,15.458861672075754,30.608233735793917,1273.927522316672,4.0,-62.0,66.0,37.51880809589625,116.82339002618005,True,4717.738910306333,36.0,-165.0,201.0,38.258094796934756,639.6894623696196,True,16745.243561901305,45.0,-662.0,707.0,42.663125361244056,761.0445662106981,True,6948.35239217026,40.0,-327.0,367.0,38.49645869457731,683.2646943368329,True
39.614166881522614,686083.3810478084,4355914.527337318,4000.6351612212284,36.38240285976963,15.822317519139464,24.757762972581045,1280.1891015993222,4.0,-58.0,62.0,37.819231802417335,117.97156118890052,True,3894.8253616918073,37.0,-137.0,174.0,38.829965771497655,648.8461862528056,True,9988.408836478702,46.0,-517.0,563.0,39.856708217477944,772.4144487163298,True,5379.912455188595,40.0,-253.0,293.0,38.829965771497655,693.6365317961954,True
49.57301542737878,686090.5474180663,4355921.442668235,3998.4304536385675,37.05439773096464,16.739397700876783,20.733223740381728,1238.875871062639,4.0,-53.0,57.0,38.50494246536641,120.8206730605707,True,3485.342916143471,37.0,-121.0,158.0,39.48281378843171,670.7561837714186,True,8352.993589377213,46.0,-500.0,546.0,39.48281378843171,796.8482640745444,True,4642.585968180221,40.0,-234.0,274.0,39.48281378843171,716.2893831986701,True
59.531863973318714,686097.7137883243,4355928.357999152,3999.9239561825916,36.59917815554604,19.286707086771262,26.778925058522372,1219.099414606867,4.0,-56.0,60.0,37.913466597621664,119.45940265889953,True,4406.970129744968,37.0,-176.0,213.0,38.82088117804119,676.3890039550051,True,16979.751218640682,45.0,-635.0,680.0,38.82088117804119,801.2192346012416,True,6508.32772718036,40.0,-291.0,331.0,38.82088117804119,722.0347777074985,True
69.45010005549113,686099.3747352825,4355938.136171894,3997.8194729976526,37.24062463031555,20.694629453625254,28.092693615500618,1252.8471045442154,4.0,-56.0,60.0,38.65494057836054,122.05054706462988,True,7346.16969577533,39.0,-317.0,356.0,39.662014355998735,719.1703104599558,True,25047.68516176312,47.0,-556.0,603.0,52.740358486264086,854.7159693245696,True,15043.252636496452,42.0,-524.0,566.0,39.662014355998735,769.1113336425713,True
79.40894860138437,686100.9202626799,4355947.974363264,3998.174276890845,37.13248040367057,20.054385060875344,29.246511719336315,1259.2764088774616,4.0,-58.0,62.0,38.4161350814461,121.75045101748924,True,7057.032838479735,39.0,-298.0,337.0,39.250949464738596,728.1917796284472,True,24264.409527906384,48.0,-559.0,607.0,49.59809166676405,870.2205289997275,True,14109.984676312515,42.0,-528.0,570.0,39.250949464738596,780.0743144269295,True
89.36779714729568,686102.4657900775,4355957.812554633,3999.3562677784516,36.77220958112798,19.387799256126236,28.572876013683494,1181.1536814805438,4.0,-55.0,59.0,37.92980274446245,120.81623323586996,True,6212.758888586301,40.0,-277.0,317.0,38.70690207562666,729.0088362341687,True,22544.73330186074,48.0,-563.0,611.0,45.17692118989544,875.9570146615708,True,12023.801482191848,43.0,-464.0,507.0,38.70690207562666,782.586617459431,True
99.32664569318891,686104.0113174749,4355967.650746003,4000.9499704604727,36.28644900364793,18.94457921578054,27.55815042193089,1085.4593160611043,4.0,-51.0,55.0,37.367192268139206,118.53575215003411,True,5283.113568652641,40.0,-255.0,295.0,38.14230093846231,731.9186208441329,True,20877.16399775529,49.0,-567.0,616.0,42.2781398888917,885.0298606681583,True,10388.299355442738,44.0,-429.0,473.0,38.14230093846231,787.5116299405051,True
109.28549423818018,686105.5568448724,4355977.488937371,4002.061865872887,35.947543281944036,18.957546337056968,26.30320093945211,1021.3730328343495,4.0,-48.0,52.0,37.097122889259936,117.50767538408354,True,4532.529130304068,41.0,-231.0,272.0,37.830324013285235,754.4276076186841,True,19737.5175240243,50.0,-569.0,619.0,42.03433306074669,913.875972729951,True,9103.104691460085,44.0,-422.0,466.0,37.830324013285235,812.3208608169853,True
119.24434278407341,686107.1023722698,4355987.327128741,4000.657834688247,36.375491987022315,19.22502900636821,23.815427841562627,989.3194477547909,4.0,-45.0,49.0,37.332669453741346,119.17165575155104,True,3686.461902114228,42.0,-182.0,224.0,37.9981666108099,776.2483914950953,True,19185.828516105394,51.0,-596.0,647.0,53.8462687811558,940.626290785199,True,8092.0797114432,45.0,-549.0,594.0,37.9981666108099,836.2718130061066,True
128.97027314265,686110.5416986829,4355996.424642421,4000.6180627506046,36.38761447361571,19.17978127540607,22.837266001268144,982.180490545453,4.0,-44.0,48.0,37.19682997858831,119.67575487683962,True,3808.160396202335,42.0,-205.0,247.0,37.845987949144046,778.904764868365,True,22240.84086474596,51.0,-639.0,690.0,56.773139225724094,943.3840642056184,True,9073.424830731188,45.0,-603.0,648.0,37.845987949144046,839.0040409170383,True
138.92912168802746,686116.080854961,4356004.700898343,4000.6624136467526,36.37409632046979,19.426587571135492,22.946458391112277,983.1562930142804,4.0,-44.0,48.0,37.26065556270305,119.54137885767477,True,3484.9843897291157,41.0,-164.0,205.0,37.85437578100937,777.6820609068827,True,17302.76582414169,50.0,-716.0,766.0,37.85437578100937,939.1516300417054,True,5228.9164335923615,45.0,-310.0,355.0,37.85437578100937,836.8813167180635,True
148.8879702341789,686121.620011239,4356012.977154265,4000.8027140363542,36.331332761719295,19.91403760332738,22.060474673942043,987.3025737059493,4.0,-44.0,48.0,37.313574497502486,119.17928098241487,True,3274.4747097978643,41.0,-148.0,189.0,37.97777641745756,770.7891218583288,True,15429.691239983047,49.0,-725.0,774.0,37.97777641745756,926.8291923721565,True,4709.238064381418,44.0,-241.0,285.0,37.97777641745756,828.2493768358402,True
158.84681877955637,686127.159167517,4356021.253410187,4000.130102683232,36.53634470215093,19.59765524170846,20.84189977245285,987.8030202172508,4.0,-44.0,48.0,37.39277563083647,119.990725752466,True,3096.786670184671,40.0,-137.0,177.0,37.96809565207582,759.2314319486272,True,15047.648404436824,48.0,-722.0,770.0,37.96809565207582,906.918111408753,True,4351.328174758528,43.0,-224.0,267.0,37.96809565207582,813.8798469226988,True
168.7810184585591,686132.3762118599,4356029.70744896,3999.8670525518673,36.61652238219085,17.376897585318044,20.299147089219364,989.0244197206018,4.0,-44.0,48.0,37.54281648622441,120.13934995530212,True,3046.904546488507,39.0,-139.0,178.0,38.06843658231196,739.8349045654375,True,19335.036599135983,46.0,-689.0,735.0,44.51663813670689,872.9289760554166,True,4417.383191234452,42.0,-249.0,291.0,38.06843658231196,790.0070792045494,True
178.73986700395758,686136.4264313788,4356038.805491948,3999.4011682370974,36.75852392133265,13.555524546036978,20.08743370074782,1001.7927275866505,4.0,-44.0,48.0,37.33781495367134,120.63551911405989,True,3069.446137018289,38.0,-147.0,185.0,37.64586175320892,718.1155536693491,True,18549.965541889156,44.0,-635.0,679.0,53.7461359143482,840.5491315217946,True,4814.927257220538,40.0,-329.0,369.0,37.64586175320892,764.2295424136273,True
188.61841120766186,686139.7487158318,4356048.108613015,3999.808816268559,36.634272801343286,7.372374837215205,19.91123663046645,1018.324792047265,4.0,-44.0,48.0,37.77350860403476,119.96422673474831,True,3142.4596270507773,37.0,-169.0,206.0,38.54138114893681,690.8160069265241,True,17905.38567295099,45.0,-634.0,679.0,38.54138114893681,810.3445928046967,True,6341.970985289692,40.0,-435.0,475.0,38.54138114893681,734.2217449090967,True
198.57725975317135,686141.0435002514,4356057.982933126,3998.4752456645147,37.040745121455984,1.974150214383327,19.485376586875418,1058.6002996431116,4.0,-45.0,49.0,38.29475578974848,121.37768393945703,True,3236.3287117148648,37.0,-175.0,212.0,39.1125835478299,687.2020819131837,True,16227.2849690436,49.0,-598.0,647.0,43.76413754589021,820.2648841402772,True,5973.4225760227355,41.0,-324.0,365.0,39.1125835478299,733.3959076519482,True
208.5361082995891,686142.3382846708,4356067.857253239,3998.3242809525505,37.08675916566267,1.356785762284482,19.01718851439937,1097.3190613679626,4.0,-46.0,50.0,38.423520112751476,121.07308091669483,True,3257.3214222039182,39.0,-170.0,209.0,39.38859600927435,675.1659379055293,True,16914.542753409125,53.0,-609.0,662.0,43.70859038091089,834.1141643921032,True,6115.7313649777,44.0,-350.0,394.0,39.38859600927435,728.9577173216537,True
218.49495684509856,686143.6330690904,4356077.73157335,3999.830997997394,36.62751181039425,7.716624458748558,18.73225862877698,1111.5976068775997,4.0,-46.0,50.0,38.15639224457391,119.03501128393509,True,3244.54447204849,40.0,-170.0,210.0,39.22879984477345,650.402859987212,True,15083.263932307867,75.0,-586.0,661.0,39.22879984477345,853.2932830136422,True,5789.229231653465,45.0,-304.0,349.0,39.22879984477345,707.335249357076,True
228.43979159684525,686143.1106953971,4356087.662679228,3999.6204684515114,36.691681215979315,11.70088559326465,18.55165407961719,1140.8441569583813,4.0,-47.0,51.0,38.589913408361326,118.51573365009449,True,3296.3284999929365,40.0,-168.0,208.0,39.66874330076439,645.9289198449194,True,13131.518798056451,196.0,-588.0,784.0,39.66874330076439,1372.8324140887592,True,5433.719000200294,49.0,-268.0,317.0,39.66874330076439,709.6276296274548,True
238.3986401420836,686142.4349756617,4356097.598577133,4000.200836810179,36.514784940257414,12.937013884302868,18.91914372055732,1167.4553248679886,4.0,-48.0,52.0,38.38150926389744,118.00607432241304,True,3426.5204135401646,42.0,-177.0,219.0,39.66504959009876,653.1364021555255,True,14587.360333739169,232.0,-589.0,821.0,39.73809505117538,1951.4520889096734,True,5839.376674662474,55.0,-283.0,338.0,39.66504959009876,727.5289496143359,True
248.35748868824322,686141.7592559264,4356107.53447504,4000.0032541434416,36.57500813707907,14.162040730100191,19.47834547578413,1190.5964161804266,4.0,-50.0,54.0,38.31969507734834,118.23775507631967,True,3520.803904972849,44.0,-172.0,216.0,39.43580710925767,670.7494278156319,True,16177.930312384637,233.0,-590.0,823.0,39.56059610209604,2500.311530273742,True,6156.228693488691,62.0,-301.0,363.0,39.43580710925767,757.1639447365294,True
258.31633723441075,686141.0835361909,4356117.470372946,4000.1916991246476,36.5175701068074,15.205133792439687,20.276965488040343,1217.1304525025514,4.0,-52.0,56.0,38.280543241152145,118.32174395281095,True,3662.4163156404084,49.0,-164.0,213.0,39.47760984635215,709.5356311552466,True,17741.839888454393,234.0,-589.0,823.0,39.66232267207556,3064.054548319628,True,6489.154093642097,72.0,-319.0,391.0,39.47760984635215,831.6090822656931,True
268.2751857796412,686140.4078164556,4356127.406270851,4000.7439210130847,36.34925287521173,16.6953356309024,21.783912546907647,1238.4553873319405,4.0,-54.0,58.0,37.937177907192336,117.7187537286452,True,3885.2816718258136,57.0,-162.0,219.0,39.053579870952944,772.9119890618838,True,19297.192320635146,234.0,-586.0,820.0,39.51363507717883,3645.90403938524,True,6973.008457103894,112.0,-339.0,451.0,39.053579870952944,978.0422080010453,True
278.23403432580085,686139.7320967203,4356137.342168758,4000.596142090474,36.394295890823514,18.326693823338616,23.652349969310013,1250.6741684032058,4.0,-55.0,59.0,37.89584738129997,118.28708092730812,True,4207.182059793675,71.0,-166.0,237.0,38.92429556012189,885.4643699279854,True,20996.81895115371,236.0,-585.0,821.0,40.9589454162799,4306.620434285335,True,7821.5983359518905,175.0,-363.0,538.0,38.92429556012189,1350.022153688464,True
288.1928828719684,686139.0563769848,4356147.278066664,4000.557852206829,36.40596664735858,19.439738206692148,26.089422004224915,1262.0382556947839,4.0,-56.0,60.0,37.81082089658935,118.55711856711991,True,4789.88993789935,80.0,-185.0,265.0,38.90791430949389,1021.6461403652158,True,24077.472570894457,236.0,-594.0,830.0,47.94347835761198,4622.327894895885,True,9751.410180624622,212.0,-422.0,634.0,38.90791430949389,1678.603560386424,True
298.10894278327123,686139.2565664302,4356157.192105616,3999.9995436568797,36.57613909338306,19.279310375579488,27.883988374644826,1269.3766998393612,4.0,-57.0,61.0,38.02087299932464,119.3773021562688,True,5841.3943558269675,84.0,-230.0,314.0,38.95049821066118,1139.3512219246184,True,27935.024994401083,235.0,-623.0,858.0,46.83412647429873,4493.51063889313,True,12462.242294881973,161.0,-572.0,733.0,38.95049821066118,1699.021841076575,True
308.0677913298037,686140.427051533,4356167.081930134,4000.1679255876297,36.52481628089049,15.397649043489476,28.07185278403707,1290.5532800075323,4.0,-57.0,61.0,38.01988149629847,119.59157080885757,True,6737.691348518485,75.0,-301.0,376.0,39.079952515740615,1128.0565066552801,True,33111.740700820315,209.0,-656.0,865.0,65.14400834068738,2938.0174688919715,True,17630.714950577356,104.0,-620.0,724.0,39.079952515740615,1406.6611620196445,True
317.87221286321716,686144.509330079,4356175.996058442,4000.8446963725432,36.31853654564884,4.144412693245879,25.3756438033669,1152.0729806106112,4.0,-53.0,57.0,37.27138273613127,118.99091566390302,True,4221.094999666875,55.0,-163.0,218.0,37.92255538171412,945.0731764510801,True,9180.738670726374,82.0,-444.0,526.0,37.92255538171412,1331.9497401961403,True,6009.341756861828,64.0,-239.0,303.0,37.92255538171412,1069.2067140977317,True
324.645078199103,686150.72259894,4356178.691794875,4001.4338040016464,36.138976540298245,6.825047054321305,26.375462884871943,1026.833363962448,4.0,-49.0,53.0,36.99192646885217,118.75615227163598,True,4386.552285836649,59.0,-191.0,250.0,37.81361200007518,994.938278217792,True,13267.662050511772,93.0,-395.0,488.0,37.81361200007518,1496.6763006175217,True,8013.917563521827,70.0,-369.0,439.0,37.81361200007518,1146.9293536539205,True
334.60392674475077,686158.6836352395,4356172.708437507,4001.5623387771084,36.09979914073733,14.976766974555638,31.04188033864361,1171.8299100504858,4.0,-56.0,60.0,37.27283408798462,117.80282664731294,True,8234.355901249452,78.0,-263.0,341.0,38.08923009510886,1195.1899580801035,True,15242.286338293716,117.0,-306.0,423.0,62.88804284844127,2072.2668113971167,True,11718.767583332143,92.0,-285.0,377.0,46.429709515108016,1473.4786773668006,True
344.5579876442585,686166.6157070576,4356166.694656245,4000.0126997327748,36.57212912145019,15.731828013109894,32.1516699913416,1312.8865669790468,4.0,-62.0,66.0,38.03691046121048,119.42965093166777,True,8331.882381865475,77.0,-253.0,330.0,39.01835414600055,1087.2630592539824,True,14741.4326472565,119.0,-286.0,405.0,59.66137549009591,1976.8195844599638,True,11542.899030236858,93.0,-270.0,363.0,43.98525806883981,1363.2613921761315,True
354.51683618943633,686172.9828756945,4356159.037122184,4000.501980011861,36.422996492384755,16.611339772499544,32.88843663472183,1347.2529196456344,4.0,-64.0,68.0,37.913816793695105,118.27740285658365,True,8243.80696760688,76.0,-256.0,332.0,38.93227258541879,1006.1721889622424,True,14848.785727891915,123.0,-289.0,412.0,56.4572038884628,1914.8528638609416,True,11562.595413663004,93.0,-275.0,368.0,42.10960184150986,1282.9341591528805,True
364.4756847353303,686179.3500443314,4356151.3795881225,4000.0226425925134,36.56909853780189,15.429245039271045,33.09733574892698,1364.9732054006388,4.0,-65.0,69.0,38.11954185189393,118.65593735406651,True,8226.861617671975,68.0,-246.0,314.0,39.13741060781285,848.9416245292973,True,14698.336101048302,115.0,-291.0,406.0,58.344514963916254,1638.6337659008364,True,11454.090024894704,87.0,-276.0,363.0,45.34135197083651,1078.8797725816887,True
374.4345332812242,686185.7172129683,4356143.722054061,3999.2722847284876,36.79780761475695,13.679873236370058,33.28959476103022,1399.244318182599,4.0,-66.0,70.0,38.40091320820261,119.88015147364968,True,8200.479747472265,55.0,-237.0,292.0,39.82338215754544,753.6172899936273,True,14363.517345998447,109.0,-291.0,400.0,63.39154172214148,1411.1268743881542,True,11169.580355676975,80.0,-277.0,357.0,50.4054306110304,918.4956542034533,True
384.39338182719257,686192.0843816053,4356136.064519999,3997.659057512699,37.289519270129404,11.679844784796403,33.56307984576446,1421.869140714412,4.0,-67.0,71.0,38.69638902103816,120.75207019572781,True,7956.3656980984215,45.0,-228.0,273.0,39.41349405139135,706.05060882477,True,13682.509369776704,103.0,-292.0,395.0,63.64332780943914,1195.482145934524,True,10566.642597308753,61.0,-263.0,324.0,51.212772253883486,798.1383995700066,True
394.34770985615904,686198.4232866153,4356128.389434997,4000.010736158554,36.572727618872705,11.92231388955306,33.935487823037874,1389.8546854808758,4.0,-66.0,70.0,38.38281204833493,119.68686374171762,True,7142.297372497337,43.0,-200.0,243.0,39.599573990242334,695.2716238513822,True,11190.87512771746,106.0,-238.0,344.0,61.367851536899934,1177.24928054287,True,9071.844755556798,56.0,-218.0,274.0,50.39562931467776,775.7748286733436,True
404.306558402441,686202.4636061982,4356119.286991257,4001.5762143045094,36.09556987998553,12.965228857938692,32.87532154067212,1320.399392242029,4.0,-63.0,67.0,37.61169041644666,117.07264288837223,True,6261.575540195722,42.0,-182.0,224.0,38.7777601556445,667.6965515323659,True,9635.21988118977,109.0,-210.0,319.0,56.912037817990495,1171.4353002817666,True,7842.242363640191,54.0,-197.0,251.0,46.70370448465724,744.1716839835694,True
414.2654069478717,686206.5039257811,4356110.184547518,4002.0829102616517,35.94112895224862,11.100558501613083,32.21236437641326,1293.6846067986828,4.0,-61.0,65.0,37.70261834759867,116.78106199267222,True,5998.225236980227,41.0,-178.0,219.0,38.73347010627867,664.230744047605,True,9113.560298472315,102.0,-204.0,306.0,54.57546028364254,1040.3895835155504,True,7503.516438657195,48.0,-192.0,240.0,44.5060158391982,726.729141972957,True
424.22425549330245,686210.544245364,4356101.08210378,4000.8736182805847,36.30972114807787,9.137345887281837,31.528411316145736,1295.6771900865456,4.0,-61.0,65.0,37.89517045917705,117.65292859865053,True,5800.938571072886,40.0,-175.0,215.0,38.95576407728595,662.2469586245015,True,8701.49625011158,92.0,-200.0,292.0,53.79353101735592,928.6414137135744,True,7250.385884735706,46.0,-188.0,234.0,43.86297546180026,719.6618279059339,True
434.1831040395844,686214.5845649469,4356091.97966004,3999.3670166008196,36.768933340070134,7.041600861550184,30.93798697177298,1306.1017791902088,4.0,-60.0,64.0,38.384819079421504,119.37976375398966,True,5613.2754036487795,40.0,-172.0,212.0,39.50996092936157,666.4736455722166,True,8337.981253413735,77.0,-197.0,274.0,51.06696773188196,865.2470610464425,True,6995.9357976581305,45.0,-185.0,230.0,41.205856620770874,722.3600835831289,True
444.14195258501513,686218.6248845299,4356082.877216301,3999.0930340129794,36.852443232843825,4.063119960479868,30.72147971164824,1302.1497216208454,4.0,-59.0,63.0,38.44277309678682,119.59907926936012,True,5563.864903509714,39.0,-172.0,211.0,39.331671760448216,664.8811883535013,True,8266.615117548079,57.0,-198.0,255.0,50.47411235937193,830.6188985081442,True,6953.665400090393,44.0,-185.0,229.0,40.613001248260844,719.3953623735613,True
453.9881137551993,686223.7114577594,4356074.446696592,3999.490904620159,36.73117227177545,0.3649585361888599,30.652041158005275,1304.1057449367756,4.0,-59.0,63.0,38.26804589126368,119.3859008055299,True,5750.649664474532,36.0,-178.0,214.0,39.289699649000795,645.0962768606012,True,8680.108868603595,47.0,-209.0,256.0,53.05015534309973,769.2797378781738,True,7257.439244197064,40.0,-195.0,235.0,42.98071089865539,688.0419804295393,True
463.9469623010044,686230.3082561377,4356066.986072253,3999.633951657442,36.687571534811696,4.689311087666443,30.796075197822695,1328.994142816662,4.0,-61.0,65.0,38.29254561113953,119.25516986445928,True,5846.755048270224,35.0,-180.0,215.0,39.34849465989964,622.3507028261006,True,8894.076725521525,43.0,-215.0,258.0,52.94147304802277,728.4835190454021,True,7398.941906543554,38.0,-199.0,237.0,42.80258415913386,661.3204422876897,True
473.9058108468095,686236.9050545159,4356059.525447915,3999.8992556488465,36.606706878231535,7.495896658312324,31.14598592134269,1338.1523145688905,4.0,-62.0,66.0,38.263779887473675,118.20162979672386,True,5750.401517885058,35.0,-176.0,211.0,39.301084804726315,609.2549909142103,True,8605.266647289787,41.0,-208.0,249.0,52.82439699784254,707.3287878935485,True,7225.073875877166,37.0,-192.0,229.0,42.963285886731455,646.0861200480497,True
483.8646593925375,686243.5018528941,4356052.064823577,4000.0228642941506,36.56903096314295,6.777307473113202,31.298252255737808,1360.5110742024376,4.0,-62.0,66.0,38.46010681759503,118.26513789913906,True,5329.411344671911,35.0,-161.0,196.0,39.59140162006588,615.9645350792541,True,7636.296290865821,41.0,-185.0,226.0,44.700385081910326,713.3297659077805,True,6532.474559561783,37.0,-173.0,210.0,39.59140162006588,652.6847168515824,True
493.5596941133477,686247.3095532738,4356043.148820209,4001.7225307064837,36.05097264066376,5.167590411504238,27.342042946976598,1305.3755888951919,4.0,-60.0,64.0,37.358673818420584,118.28281874497384,True,4450.502955004856,33.0,-149.0,182.0,38.82615229916519,589.5746813190096,True,6414.042847211454,40.0,-168.0,208.0,40.9715042217947,682.5230850718228,True,5476.409116627612,36.0,-160.0,196.0,39.272580870593856,623.9452332947124,True
503.3523157575831,686251.3762672573,4356034.240550117,3999.794294336888,36.6386990861165,9.541278454117728,26.966613285502344,1278.953438722715,4.0,-59.0,63.0,38.77581580774131,117.23155896136268,True,4437.528432998811,33.0,-152.0,185.0,39.39121903695059,574.8830462297719,True,6465.577937803456,39.0,-172.0,211.0,39.498734365117116,659.121657765312,True,5499.23487199929,35.0,-162.0,197.0,39.39121903695059,606.5136128612912,True
513.3111643033977,686257.032913944,4356026.044147697,4000.0606288933636,36.5575203133028,14.61262880666817,26.25868439929885,1260.3369261982577,4.0,-57.0,61.0,39.14013198787484,118.60261127735475,True,4430.939103108624,33.0,-153.0,186.0,40.50220539016232,597.4787340319285,True,6507.575526941989,39.0,-174.0,213.0,40.50220539016232,685.3303568805984,True,5515.8068966213095,35.0,-164.0,199.0,40.50220539016232,630.213440709527,True
523.2700128492124,686262.6895606307,4356017.847745278,3999.901859818471,36.60591312733004,20.40764238290902,28.75839853130762,1232.023607487362,4.0,-56.0,60.0,38.108704087148,119.01145394541709,True,5028.55282763888,35.0,-174.0,209.0,39.22404783071761,642.1776332100742,True,7911.349802220186,42.0,-210.0,252.0,42.680424604922564,747.064102661212,True,6499.588465294124,38.0,-194.0,232.0,39.40261925928894,680.8790270934596,True
533.13078146498,686272.1518090208,4356015.072747422,3998.296372792244,37.09526557292406,22.464646224695308,24.91116103682878,1245.090263076969,4.0,-54.0,58.0,38.77127646465692,120.93286834205628,True,4266.76757509611,35.0,-192.0,227.0,39.71507147795228,630.5578701032855,True,10061.46860885603,41.0,-325.0,366.0,40.27918275338993,731.8147267465661,True,6835.651652936849,37.0,-287.0,324.0,39.93196053116776,668.0832149891919,True
543.0896300107646,686281.7826696968,4356012.537952165,4000.5476253993315,36.40908377828373,22.089949743558822,26.951726075664435,1315.3446791091922,4.0,-59.0,63.0,38.425499450406505,117.3449034540563,True,4857.293765008812,34.0,-217.0,251.0,39.52917487367927,603.1744858954557,True,10385.750280268101,40.0,-325.0,365.0,40.35133010494019,696.5629288142486,True,7285.3384761685475,36.0,-261.0,297.0,39.52917487367927,637.8659272071645,True
553.0484785565492,686291.4135303729,4356010.003156908,3998.670603842005,36.98119994895683,21.64804984521056,29.257791189335563,1365.7000185252052,4.0,-61.0,65.0,38.70378005941552,119.82883348030168,True,5522.407927846483,33.0,-207.0,240.0,39.87210045879306,609.9443020748888,True,10402.755593860757,40.0,-326.0,366.0,41.98809322747661,700.9315891102901,True,7687.771493154586,36.0,-249.0,285.0,39.87210045879306,643.7382806580501,True
563.0073271025708,686301.044391049,4356007.46836165,3999.317423412582,36.78404934384503,21.1353020533279,30.819048754888367,1393.546710973265,4.0,-62.0,66.0,38.90478472186737,119.49400901774743,True,5802.730706834107,34.0,-184.0,218.0,40.12738174362448,615.0388652606009,True,9374.359249713925,40.0,-254.0,294.0,48.1869553388799,708.2590431325045,True,7511.473119317613,36.0,-216.0,252.0,40.30535516983696,649.8421651986685,True
572.9098668394139,686310.2694360659,4356003.868523087,3998.9877948355975,36.884520134109835,20.953721197838874,30.81283108080945,1342.3855518816626,4.0,-61.0,65.0,37.87622983088636,120.35440423102091,True,5374.346990055196,34.0,-164.0,198.0,39.21748461143852,606.0551405861493,True,7935.966038906705,40.0,-201.0,241.0,47.862315396729855,699.4777277557293,True,6673.484353797414,36.0,-182.0,218.0,39.810635431613264,640.7193880927141,True
582.8452899890167,686319.0675616142,4355999.252721965,4000.07807996209,36.55220122755486,21.087871466250164,33.62066374298468,1353.3447117603498,4.0,-64.0,68.0,38.8273636605868,118.5739089351473,True,4669.29612940741,34.0,-131.0,165.0,39.67228638620804,605.3690605251843,True,6253.651508532607,40.0,-156.0,196.0,48.990310330419106,699.8413446133877,True,5473.698434450637,36.0,-143.0,179.0,43.03495680806054,640.2282733525647,True
592.8041385347693,686325.5811084828,4355991.719304975,4000.5234162155075,36.41646273751326,19.54279095072827,25.674538533042117,1428.4187342180692,4.0,-70.0,74.0,38.19460880620613,117.47783266550891,True,3925.1413650792338,33.0,-106.0,139.0,39.79675445731891,585.368730597789,True,5026.341913203186,40.0,-129.0,169.0,47.47785918438012,676.8291283839071,True,4469.803627638596,36.0,-119.0,155.0,42.96397029549121,618.9792036217839,True
602.7147796523417,686331.3855791766,4355983.686315038,4001.2364853907193,36.19911925290876,19.45755072923088,16.39944121983879,1469.2831635084028,4.0,-65.0,69.0,38.52235133986733,116.87726789984299,True,3516.494397660017,32.0,-94.0,126.0,40.137599694893424,569.4381583333011,True,4351.738216597792,39.0,-112.0,151.0,46.15799263267604,655.2159856912604,True,3933.3515089191187,35.0,-102.0,137.0,42.90869904566421,600.8389680391338,True
612.6736281986258,686336.2873016777,4355975.017302356,4002.05883471784,35.948467178002375,20.041405601489192,10.021597223666,1351.9333555597675,4.0,-58.0,62.0,38.00572196693929,114.94738203063957,True,3117.6574709325705,32.0,-85.0,117.0,38.64450771737279,550.3396172223161,True,3805.755934537982,38.0,-100.0,138.0,44.10485487232995,630.1736921741367,True,3461.2825217761756,34.0,-93.0,127.0,41.32707709455212,579.6635728815638,True
622.6324767441565,686341.189024179,4355966.348289674,4002.6390448866837,35.771619118538865,21.496501662080213,4.273557014885319,1291.939518657748,4.0,-53.0,57.0,37.70217323673796,115.19371651157371,True,2855.252012287599,32.0,-79.0,111.0,39.01328965997254,561.2668903641688,True,3452.2415671554445,38.0,-92.0,130.0,42.32068398483739,643.9029590762159,True,3151.435962646021,34.0,-86.0,120.0,39.80761501324628,591.8886320951863,True
632.5439687498274,686345.7552407102,4355957.5512822075,4000.1539543409,36.529074716893774,21.51792234515727,5.764822904543524,1160.714258939692,4.0,-47.0,51.0,38.17491622155649,118.2112944130979,True,2517.1127097726403,33.0,-69.0,102.0,39.79468308317746,586.4840089379695,True,2981.535823265406,39.0,-79.0,118.0,41.219533042309195,672.4637841449496,True,2744.0961870733245,35.0,-74.0,109.0,40.0244115922992,618.4825980803271,True
642.5028172959452,686347.8731013343,4355947.82023238,4000.5636502418674,36.40419940627885,21.213438849418196,8.483909843743753,969.8266313409861,4.0,-38.0,42.0,37.98562501080255,117.6639871789464,True,2182.4904693064705,33.0,-66.0,99.0,39.17888694457315,582.474723281452,True,2604.6908530774144,39.0,-74.0,113.0,39.86919063597338,667.8485347735264,True,2390.8375790081154,35.0,-70.0,105.0,39.52196841375121,614.4743133251163,True
652.4616658420383,686349.9909619583,4355938.089182553,4001.1437070236393,36.227398099194716,22.775773077249262,7.637143158559234,864.3867087997876,4.0,-34.0,38.0,37.97378822009364,117.14876677205484,True,1925.4426089190533,33.0,-65.0,98.0,39.16616703871796,580.3423985544823,True,2345.910306059778,39.0,-73.0,112.0,39.27216196412746,664.908072833304,True,2133.5603287699705,35.0,-70.0,105.0,39.16616703871796,612.0785739377632,True
662.4205143872214,686352.1088225823,4355928.3581327265,3999.5570485422663,36.711011604317264,23.916689796302855,5.979667186615563,765.9085433966,4.0,-30.0,34.0,38.95158024801731,118.5433010173906,True,1647.862603405127,32.0,-53.0,85.0,40.44184871125185,578.3636062993205,True,2004.3513509320567,38.0,-73.0,111.0,40.44184871125185,662.5858952085355,True,1805.0529509543221,35.0,-63.0,98.0,40.44184871125185,610.1263062317564,True
672.3793629333145,686354.2266832063,4355918.627082899,3997.9697715133716,37.194813642724284,24.367649891416967,2.706199645377286,693.7792693588792,4.0,-28.0,32.0,38.0872061305181,120.36538547905775,True,1555.8464683691532,32.0,-54.0,86.0,38.0872061305181,578.1967231644737,True,1940.893167626285,38.0,-74.0,112.0,38.0872061305181,660.537526572231,True,1728.4589589265186,34.0,-69.0,103.0,38.0872061305181,609.031529726825,True
676.4195965972795,686357.4735925653,4355916.222697807,3999.886346459447,36.610641599160545,24.037661984934847,6.097734186783081,706.8292554922662,4.0,-28.0,32.0,37.9217022192945,118.76168381283355,True,1511.2012864072422,32.0,-44.0,76.0,37.9217022192945,572.5626019482413,True,1747.6620465833498,38.0,-52.0,90.0,37.9217022192945,654.1327535635376,True,1618.8433993193603,34.0,-48.0,82.0,37.9217022192945,602.3962463510616,True
686.3784451434252,686362.4227661099,4355924.864708313,3999.953300799292,36.59023391637584,21.693666167637645,14.314161153921546,732.5067174889989,4.0,-28.0,32.0,38.64272651564579,117.60468331484412,True,1519.2678058183628,33.0,-41.0,74.0,39.90936176495143,583.9528785697478,True,1736.8475113723812,40.0,-47.0,87.0,39.90936176495143,674.1486436822081,True,1617.299636308769,36.0,-44.0,80.0,39.90936176495143,617.3808658630435,True
696.2755573825494,686367.680913771,4355933.249498939,4000.384393942428,36.458836726347954,22.639845635331874,8.397666060836844,846.3420856491996,4.0,-32.0,36.0,38.550077311960194,118.2537882963295,True,1753.3333963970501,34.0,-48.0,82.0,40.17165383937936,607.9519832646886,True,2033.3848563283439,41.0,-57.0,98.0,40.25632585343851,704.5620698148732,True,1881.4231308497099,36.0,-52.0,88.0,40.18688140899417,643.6805793292003,True
706.2344059286596,686375.2824243058,4355939.683448112,4001.0004061314817,36.27107621112441,23.467167137646438,6.770196043944198,1054.9768256666848,4.0,-41.0,45.0,37.78725115267548,118.03383740892923,True,2375.709857495869,34.0,-75.0,109.0,38.90604652217553,618.0966726976869,True,3036.811607303313,41.0,-108.0,149.0,39.51525763268887,714.2739709765078,True,2670.4742558774074,36.0,-88.0,124.0,39.237479854911044,653.7668382580314,True
715.6918835534825,686384.5535650975,4355941.551557167,4003.067471458365,35.64103469949032,18.956243204270397,25.414663984819892,1272.1995696974311,4.0,-58.0,62.0,37.051623590527925,114.87607554302804,True,3978.4944563141744,34.0,-161.0,195.0,38.12480577436099,596.572979989633,True,6891.811090962974,41.0,-227.0,268.0,41.204490805402656,694.3999906184708,True,5395.29659436552,37.0,-196.0,233.0,38.42177669336775,632.6116366856718,True
725.6507320992937,686394.512405794,4355941.539053555,4003.0760531500805,35.6384189998555,18.953359074490194,20.778405286069955,1189.83422609918,4.0,-49.0,53.0,37.43558517627571,113.56944639642347,True,3299.439765654882,33.0,-123.0,156.0,38.9705499421209,563.4099685042556,True,5087.259104444647,39.0,-180.0,219.0,40.89783876360684,649.7227810660629,True,4130.546926252708,35.0,-151.0,186.0,39.50894987471793,595.5006841056079,True
735.6095806451037,686404.4712464905,4355941.526549943,4002.866788099809,35.702202987178225,20.91778901733428,15.994816244645307,1073.1347645889214,4.0,-43.0,47.0,38.15972768123629,113.8861713422557,True,2689.6642358356544,31.0,-104.0,135.0,39.99996589325974,547.2669724783357,True,4063.7298340751213,37.0,-160.0,197.0,40.64945085717318,624.5153873576257,True,3303.494187081811,34.0,-139.0,173.0,39.99996589325974,576.2681119769736,True
745.5684291909149,686414.430087187,4355941.51404633,4002.3653761447677,35.85503335107478,22.96774663079034,13.909399582770007,915.4063418886967,4.0,-37.0,41.0,38.43776405871563,114.02863519948914,True,2179.0939760692963,31.0,-88.0,119.0,39.8109727507358,528.091735194522,True,3219.4306826324464,36.0,-143.0,179.0,39.8109727507358,598.0860158671505,True,2613.2791198587147,32.0,-117.0,149.0,39.8109727507358,554.524932168335,True
755.527277736725,686424.3889278835,4355941.501542718,3999.4692267249907,36.73777969422281,28.110107753950928,17.614843123036476,1050.3007428591839,4.0,-47.0,51.0,37.99736560998031,119.61371086676354,True,2927.1347420952593,33.0,-93.0,126.0,38.701225616887086,611.255861937063,True,3785.277043643555,38.0,-116.0,154.0,38.701225616887086,695.8954146678768,True,3348.824737842485,35.0,-104.0,139.0,38.701225616887086,643.2935016539707,True
764.1664347762367,686424.3713106513,4355950.140681795,4001.764329070313,36.03823249936863,21.266634829526897,7.003686412427288,890.4725005774935,4.0,-35.0,39.0,38.27768691633696,115.59874890145716,True,1907.6863262470652,31.0,-65.0,96.0,39.67879335831003,533.5672159096114,True,2313.0647939826476,37.0,-74.0,111.0,39.67879335831003,604.1887326508311,True,2109.3357093032346,32.0,-70.0,102.0,39.67879335831003,559.8271071544634,True
774.1252833221356,686422.9495323807,4355959.99751754,4003.0562321126686,35.64446045205864,18.843284890739163,9.20107789009528,1017.9910981249932,4.0,-38.0,42.0,37.89921405565269,114.39864608149196,True,2167.4237419122837,31.0,-66.0,97.0,39.04722225138471,550.3799819754902,True,2585.3374928617777,39.0,-74.0,113.0,40.239287350266295,629.9925720137257,True,2373.835734535167,33.0,-70.0,103.0,39.59069979342735,578.3558337573925,True
783.9177756817483,686422.5405674238,4355969.781466348,4000.6026140958656,36.392323223580206,21.330252555175036,6.156263514301143,1215.9058593530713,4.0,-48.0,52.0,38.26407180372598,116.98374073720265,True,2582.947599154564,32.0,-69.0,101.0,39.49980452706586,573.0023113797326,True,3051.0370683057045,40.0,-79.0,119.0,40.81996242181776,656.1606987044217,True,2813.3097321636246,34.0,-75.0,109.0,39.504746059581066,602.8779060984939,True
793.8766242277983,686425.3590765133,4355979.333150539,4000.4237595962786,36.4468380750543,23.365375489253562,5.006484121027107,1374.8742874962045,4.0,-56.0,60.0,38.15523924989361,117.24619172525149,True,3041.2288887189507,32.0,-81.0,113.0,39.419299848815626,578.4475860979637,True,3661.6689135164684,39.0,-94.0,133.0,44.446950509556245,662.0535015368803,True,3349.735986515633,34.0,-87.0,121.0,41.66917273177842,608.3689791038864,True
803.7526796470252,686429.2572332217,4355988.407336173,4000.005261764906,36.574396214056605,23.813521146669576,13.829576156364642,1528.5481637351834,4.0,-63.0,67.0,39.12793580791754,117.54170937225194,True,3504.3472326210963,32.0,-92.0,124.0,40.77773267172347,592.2331939304668,True,4328.885593982796,39.0,-113.0,152.0,47.902325258526844,677.8924183725537,True,3908.075410225855,34.0,-102.0,136.0,44.568991925193586,623.0891863444251,True
813.71152819331,686434.4275876442,4355996.918863622,3999.4209938127715,36.7524810858672,24.183905330047004,24.93292233935019,1585.9637698254771,4.0,-70.0,74.0,38.107962032202295,120.23126655512806,True,4083.2345171085663,32.0,-111.0,143.0,42.24586863692116,600.2014940909728,True,5426.436592358012,39.0,-152.0,191.0,51.02122920498755,686.5989736069221,True,4706.678718190003,35.0,-132.0,167.0,47.15658292263538,630.8889409345079,True
823.5443634803997,686440.7114453071,4356004.48178519,4000.73531791738,36.35187509878256,24.08395852729369,33.365064201104765,1438.5862260720046,4.0,-69.0,73.0,38.48742215988523,117.0306251903803,True,4820.468536095377,32.0,-143.0,175.0,39.966031743665326,592.2097349878561,True,6917.696048345979,39.0,-184.0,223.0,51.621737176260694,679.5286347204469,True,5859.451205485695,35.0,-165.0,200.0,46.27451495403852,623.8471713354265,True
833.5032120261742,686448.2931662394,4356010.939042508,3998.852881114512,36.92564183629679,24.14593080067311,32.07291257962127,1339.1049456020082,4.0,-60.0,64.0,38.76336944530294,119.59384148493405,True,5339.09978084979,32.0,-167.0,199.0,40.00683397126318,584.3727056106984,True,8092.831818400353,38.0,-211.0,249.0,47.82328825170953,670.0657677475881,True,6715.922450771633,35.0,-190.0,225.0,40.43845580680977,616.8850222965173,True
843.4620605719487,686455.8748871717,4356017.396299825,3997.8394147256795,37.23454639161287,24.367018531837434,29.626030958218976,1341.0846610826693,4.0,-60.0,64.0,39.17102313815235,120.6035680768116,True,5457.320435614924,33.0,-180.0,213.0,40.256522137595084,598.1507923481315,True,8551.86422532314,38.0,-223.0,261.0,45.988713328769336,684.7201866056212,True,7018.870829233616,35.0,-201.0,236.0,40.524379280452195,631.4168241634859,True
853.4209091183269,686463.4566081039,4356023.853557143,3999.4324601964104,36.74898613213418,21.507239396087652,30.240076951491446,1317.35943952072,4.0,-60.0,64.0,38.419880238738415,118.58631707216773,True,5130.638922707756,34.0,-163.0,197.0,39.79790431547076,597.1817488335344,True,7672.814105970243,39.0,-200.0,239.0,46.78967624243114,685.5939065653197,True,6414.436028007462,35.0,-183.0,218.0,39.93423655755919,630.9939583065047,True
863.3317266837138,686468.8003783425,4356032.2003184585,4000.6772249269575,36.369581842263415,14.311172872505972,31.692862310584008,1317.1011461685002,4.0,-60.0,64.0,38.430170168407585,117.63161952169435,True,4728.889316850115,34.0,-142.0,176.0,39.49027719306014,596.4342299374339,True,6738.5720776752505,40.0,-177.0,217.0,48.43182371226885,689.692370545223,True,5734.911638254772,36.0,-162.0,198.0,41.76515704560211,630.994848865701,True
873.1675546499126,686473.0203926072,4356041.084855103,4000.1667307714747,36.52518046085447,6.28302104712015,31.487717455914257,1298.3973124047052,4.0,-59.0,63.0,37.59592746215344,118.59674634453404,True,4383.657843238158,37.0,-128.0,165.0,38.770969512187094,619.3821207437422,True,6047.796608280027,46.0,-163.0,209.0,47.39272877150347,741.0007421764137,True,5196.3202426198,40.0,-145.0,185.0,41.07328432705913,663.7635044563533,True
883.1264031960643,686474.7990278453,4356050.883585687,3999.4391459617436,36.74694831086049,1.0088902426842619,31.36235202787004,1333.1327577841628,4.0,-60.0,64.0,38.20670739209413,119.16353625070224,True,4380.1251334303015,39.0,-125.0,164.0,39.332660436382184,647.7478569720731,True,5922.977737243557,54.0,-152.0,206.0,47.09222311022563,809.8350067204271,True,5138.221528104685,44.0,-137.0,181.0,40.871553459286815,700.65513384565,True
893.0852517412789,686476.5776630832,4356060.68231627,4000.5162363870204,36.41865114923621,1.8275461356776743,33.24903169132296,1343.3473389881756,4.0,-63.0,67.0,38.01767223403726,118.06547785571115,True,4698.904334754846,41.0,-130.0,171.0,38.97094384963975,685.8693178278907,True,6425.8314476666055,57.0,-161.0,218.0,49.4807613663977,857.5922901369199,True,5539.4204365156675,45.0,-146.0,191.0,43.09187247750879,743.120402820646,True
903.0441002874305,686478.3562983213,4356070.481046854,4001.300522699055,36.17960068132811,4.829983294609706,33.567945419783975,1328.6655572493805,4.0,-64.0,68.0,37.59580501195069,117.82617796806403,True,4952.981859335161,45.0,-137.0,182.0,38.669594434049486,727.029632402229,True,6958.849302985864,76.0,-166.0,242.0,49.945503039303276,1017.2813210714964,True,5906.627133504735,54.0,-155.0,209.0,43.348280817081104,805.5957863331798,True
913.0029488335614,686480.1349335592,4356080.279777437,4000.2691843193984,36.49395261944733,1.8673982564331941,33.68695405049174,1333.5843718637761,4.0,-64.0,68.0,37.96469383036151,118.95845767815513,True,5777.948782771118,46.0,-160.0,206.0,38.94141846735761,766.4709495470017,True,8291.243939614516,72.0,-187.0,259.0,54.28075056960597,1041.144348310162,True,7026.308610518512,53.0,-174.0,227.0,46.350484411952266,847.6891128401485,True
922.8663435456242,686485.286511006,4356088.690948881,4000.2020590164175,36.514412411796,6.8249689603561805,29.125968600086345,1223.1172509160488,4.0,-57.0,61.0,38.43445095542688,118.91525782265171,True,5638.922654901007,42.0,-229.0,271.0,39.08674560416034,740.0127148501322,True,10507.97928230411,53.0,-274.0,327.0,42.84860286305434,915.8827098386455,True,8134.185742623347,46.0,-249.0,295.0,39.08674560416034,802.4776631852394,True
932.7816112419966,686494.0185454983,4356093.388193511,4000.1808309988337,36.52088271155549,12.831000143539153,27.85147559056199,1175.0771178862294,4.0,-54.0,58.0,37.86567409442432,119.88659237764227,True,5566.278769335811,42.0,-220.0,262.0,38.99175576730204,744.1667699306545,True,10069.489779761063,53.0,-258.0,311.0,43.50860331347508,909.0358342818158,True,7886.620512376631,44.0,-242.0,286.0,38.99175576730204,803.2470305314939,True
941.869725583853,686503.0931348283,4356092.892561811,4003.092592069021,35.63337793736241,7.032463961684367,30.526072324685043,1250.3308744914216,4.0,-60.0,64.0,37.31139971380435,116.3358902705263,True,5363.335373863446,46.0,-162.0,208.0,38.51700127391837,766.0639034012349,True,7847.528524440788,60.0,-186.0,246.0,48.08205401366126,989.8164495390383,True,6626.868212401406,51.0,-175.0,226.0,38.84594290255018,843.0374617959026,True
951.8285741293305,686512.3105222692,4356089.121828048,4001.49746179846,36.119573643829426,5.142886951471248,30.375438338949863,1232.1080835841283,4.0,-58.0,62.0,37.560175189907795,117.02039965160861,True,4901.978455458529,43.0,-147.0,190.0,38.57886056839516,727.8325389913007,True,7025.836793789945,60.0,-173.0,233.0,45.63310898014288,937.6148339554447,True,5960.219133552112,49.0,-162.0,211.0,38.57886056839516,797.3628869837576,True
961.7874226752684,686521.5279097103,4356085.351094283,3999.25428437644,36.80329412206106,4.812142048469894,32.57427863370242,1290.464193186334,4.0,-62.0,66.0,38.07336388171484,120.93984813825523,True,4817.259354327242,40.0,-135.0,175.0,38.99258483991639,702.4346852790086,True,6548.949686671505,56.0,-157.0,213.0,47.23184100051617,872.7860463041238,True,5693.459962108185,44.0,-146.0,190.0,40.483334931387844,758.0016778924175,True
971.6699144559735,686529.5331633196,4356079.556307104,4000.056488498231,36.558782305739214,2.976002985412685,32.43873972892883,1293.0334682400899,4.0,-62.0,66.0,38.083152284059906,118.83652646793371,True,4578.968756138007,39.0,-128.0,167.0,39.09647262630983,673.5480125305467,True,6090.216494895356,54.0,-144.0,198.0,45.4857977277577,831.3010985019737,True,5349.608500415877,43.0,-136.0,179.0,39.58163691987147,726.2309224892535,True
981.6287630019774,686537.2084874162,4356073.210594822,3998.646221147186,36.98863179433761,5.86904580770194,30.768736368579045,1261.049260171489,4.0,-60.0,64.0,38.61578505708849,120.05300570901954,True,4336.460882747058,39.0,-125.0,164.0,39.51019731030465,645.598376108115,True,5794.548284809568,52.0,-142.0,194.0,43.54190514325251,800.2972146764073,True,5079.097826959785,43.0,-134.0,177.0,39.51019731030465,697.8575352102805,True
991.5876115478916,686544.8838115126,4356066.864882539,3999.360134008034,36.77103115435125,9.711110191564604,29.392635920739675,1244.3839074220127,4.0,-58.0,62.0,38.085937728026465,120.0479561540792,True,4176.658280949001,39.0,-123.0,162.0,39.04464855671199,652.9235299125885,True,5598.908049818692,48.0,-141.0,189.0,40.649109642625945,799.1932541664125,True,4902.8998491312805,43.0,-133.0,176.0,39.04464855671199,705.4433513109327,True
1001.546460093302,686552.5591356092,4356060.519170257,3999.8120718579216,36.63328049770553,15.089281768519733,29.027374640563764,1230.8972823628012,4.0,-57.0,61.0,38.07963630096447,119.46250771004611,True,4133.293283186091,37.0,-123.0,160.0,38.924599693304344,661.3211253952272,True,5536.2331749881105,45.0,-141.0,186.0,39.71118871857129,783.640353699564,True,4854.035741039141,40.0,-133.0,173.0,38.924599693304344,706.2178708098913,True
1011.4881455967679,686561.1189461995,4356055.462812546,4000.068344490921,36.555168599167246,18.895861124101636,28.875713594428944,1233.3064853766991,4.0,-57.0,61.0,37.84221842365014,118.96443756186659,True,4128.964869408306,37.0,-124.0,161.0,38.69327396192739,665.116796823658,True,5534.557581424297,45.0,-142.0,187.0,39.58360515834943,785.7896924138563,True,4851.61717865197,40.0,-133.0,173.0,38.69327396192739,709.5537161812053,True
1021.4469941428096,686569.8023274819,4356050.586589226,4001.7615691610763,36.03907371970399,20.3677453439574,28.104072594292894,1198.8526259045677,4.0,-55.0,59.0,37.61908175379449,116.97539087097539,True,3958.8018659778645,36.0,-121.0,157.0,38.613103051242206,656.21698385372,True,5310.121688575086,44.0,-139.0,183.0,38.613103051242206,772.507596729336,True,4647.657549787468,39.0,-130.0,169.0,38.613103051242206,698.7842678250554,True
1031.4058426884967,686578.4857087644,4356045.710365906,4000.8855115579345,36.30609607714155,21.567938559832463,27.57406197823691,1170.2463354642991,4.0,-54.0,58.0,37.420786839350285,119.35943607717832,True,3822.9096028865333,36.0,-118.0,154.0,38.348343683956955,660.1500291601956,True,5108.872906188173,44.0,-135.0,179.0,38.348343683956955,775.0550891281441,True,4480.093399203619,39.0,-127.0,166.0,38.348343683956955,702.5967789323813,True
1041.3646912340823,686587.1690900468,4356040.834142587,3999.994781137761,36.577590709210426,22.349622907349328,27.06047824235748,1159.5994318415183,4.0,-52.0,56.0,38.296816256900684,119.0757114925234,True,3717.527140023337,36.0,-117.0,153.0,39.4345474079862,656.5550576599474,True,4960.746296491,43.0,-132.0,175.0,39.4345474079862,769.5870719425234,True,4354.246849645218,39.0,-125.0,164.0,39.4345474079862,698.4090833777891,True
1051.3235397801238,686595.8524713292,4356035.957919267,3999.9684714410223,36.58560990477645,22.994224467238936,26.665317068401013,1171.8302474757866,4.0,-52.0,56.0,37.81821016435515,119.38398590560018,True,3674.756285123695,36.0,-114.0,150.0,38.62038561380655,658.0027688054431,True,4886.289416078159,43.0,-131.0,174.0,38.831470445335526,769.925834356314,True,4291.184219190531,39.0,-124.0,163.0,38.62038561380655,699.5823505960304,True
1061.2823883258109,686604.5358526116,4356031.081695948,4000.658423285627,36.3753125825408,23.247375468664586,26.35871018677806,1184.1868171306094,4.0,-53.0,57.0,37.806312946982416,118.46476207906721,True,3643.7709434673416,36.0,-110.0,146.0,38.9312421169484,649.342140117577,True,4775.723361203101,43.0,-128.0,171.0,39.19591054672287,758.2893091948633,True,4214.906990644269,38.0,-119.0,157.0,38.9312421169484,689.8399695746245,True
1071.2412368718524,686613.219233894,4356026.205472628,3999.714826515523,36.66292087806869,23.589474291099215,25.430294005944603,1236.35102028519,4.0,-57.0,61.0,38.25274127306852,118.58637953217112,True,3690.233315377962,36.0,-106.0,142.0,39.339509583511926,646.6120282974346,True,4739.063539713336,43.0,-122.0,165.0,39.339509583511926,755.2670719639796,True,4222.240328797416,38.0,-114.0,152.0,39.339509583511926,687.0665053592475,True
1081.200085417438,686621.9026151764,4356021.329249308,3998.3924983326874,37.06596650819688,23.73251390437793,23.75298600667479,1291.4690820210865,4.0,-61.0,65.0,38.60037119652293,120.41562023672532,True,3688.760954613237,36.0,-103.0,139.0,39.54818359564251,644.4200525078907,True,4682.0814658215395,43.0,-118.0,161.0,42.290448200344144,753.0401129696079,True,4192.910996832084,38.0,-111.0,149.0,39.54818359564251,684.9646194418854,True
1091.158933963125,686630.5859964589,4356016.453025989,3999.413474817623,36.754772875588515,23.781668467647787,20.80046074614776,1328.5848092465058,4.0,-63.0,67.0,38.1916312085832,119.79114389915594,True,3552.0829697223962,35.0,-103.0,138.0,39.234904812003606,646.2523879634286,True,4522.944680393541,43.0,-116.0,159.0,43.49322173327732,755.3548093920781,True,4046.6310454006366,38.0,-110.0,148.0,39.74322173327732,685.9764444279228,True
1101.1177825091665,686639.2693777413,4356011.576802669,4000.1295851458235,36.53650244755295,23.738976256377278,15.306016355131403,1298.996338586028,4.0,-58.0,62.0,37.98561201451662,119.1864538630548,True,3216.278421288548,36.0,-97.0,133.0,38.95190688707157,653.7008589759205,True,4157.27015076146,44.0,-115.0,159.0,43.22744938605683,766.0337479933471,True,3689.7088029754186,39.0,-108.0,147.0,39.894116052723575,694.6816355845096,True
1110.9892830932629,686647.3081050315,4356005.847458262,4000.9945649489337,36.27285660356506,23.604556037362677,7.492265914182943,1201.1263892228546,4.0,-53.0,57.0,37.60429733541264,118.01624984899104,True,2814.3501004100594,36.0,-78.0,114.0,38.51573801885979,652.8033583902527,True,3522.569443100453,43.0,-111.0,154.0,38.842127973391825,765.3607498241824,True,3124.938056817885,39.0,-89.0,128.0,38.564350195614,693.7636199021972,True
1120.9481316393387,686654.3702389663,4355998.825711424,4001.683127252919,36.06298281331033,23.746630182778052,2.044630037980625,1171.223291569466,4.0,-49.0,53.0,37.553407503166454,116.0135058120386,True,2618.5451559730354,36.0,-70.0,106.0,38.60898798950279,644.7500489132278,True,3167.4416524849003,43.0,-90.0,133.0,39.13828917451883,754.5700667445692,True,2875.705709610459,38.0,-79.0,117.0,38.876845132359904,685.6495170853384,True
1130.906980185332,686661.432372901,4355991.803964587,4001.983582108179,35.97140417342712,24.607506035196618,0.8115291875409564,1144.1835115584406,4.0,-47.0,51.0,38.058792875845484,116.56874475438462,True,2526.050041366544,36.0,-68.0,104.0,38.93996512038234,650.8134968146064,True,3053.01562769949,42.0,-87.0,129.0,39.4250422932746,758.6380861252676,True,2773.362216836594,38.0,-78.0,116.0,39.14726451549677,690.9730920917827,True
1140.8658287307512,686668.4945068358,4355984.78221775,3999.612065115673,36.694242552742935,25.474240019769002,0.4093727050673217,1108.3085765518554,4.0,-46.0,50.0,38.85081379573148,119.68036494775629,True,2464.7627355590084,35.0,-68.0,103.0,39.886937752663925,665.4757032882833,True,2956.742493954613,42.0,-84.0,126.0,39.886937752663925,772.638627365729,True,2697.184404257013,38.0,-74.0,112.0,39.886937752663925,705.3559804016452,True
1150.8246772767445,686675.5566407705,4355977.760470913,4000.3370190463743,36.473276594665094,26.29860623272523,0.7557265670106479,1014.7244210410793,4.0,-46.0,50.0,37.41053201456339,121.02282855635485,True,2371.9054772002855,36.0,-66.0,102.0,38.499826158674296,688.2066857352572,True,2826.9007972593454,42.0,-77.0,119.0,38.499826158674296,794.4073634125507,True,2592.2099408583026,38.0,-71.0,109.0,38.499826158674296,728.2084145273486,True
1160.593488175884,686683.2104319562,4355971.690121098,3999.763182952817,36.648181835981404,24.260343766331275,3.2987223289382293,960.7401822499976,4.0,-46.0,50.0,36.89556480039073,119.04339012894889,True,2273.532735013694,35.0,-68.0,103.0,36.89556480039073,625.6013921448396,True,2775.0449060588744,42.0,-87.0,129.0,36.89556480039073,728.5687364559506,True,2508.09632449522,37.0,-75.0,112.0,36.89556480039073,663.5259108628334,True
1170.5523367216813,686692.6313487327,4355968.461345565,4001.3749431611086,36.15691732449409,26.39863106208398,3.825372034875477,956.9133334770097,4.0,-45.0,49.0,37.124545205354025,116.84502436793468,True,2245.2255038387457,33.0,-68.0,101.0,37.27222925199703,611.488610560076,True,2742.3748296014196,39.0,-87.0,126.0,37.27222925199703,698.2916622104833,True,2479.3011032057198,35.0,-77.0,112.0,37.27222925199703,644.3556539808133,True
1180.5111852674786,686702.0522655093,4355965.232570031,4002.1560421502645,35.91883835259932,28.00176199348374,2.4904646131189265,926.2062328482714,4.0,-41.0,45.0,37.25762968133927,118.09016459349345,True,2152.993284547286,33.0,-64.0,97.0,37.70208658018646,626.8102058289653,True,2578.65343223496,38.0,-84.0,122.0,37.70208658018646,712.6710967451074,True,2354.0883113194363,35.0,-69.0,104.0,37.70208658018646,659.3742517158762,True
1190.470033813276,686711.4731822858,4355962.003794497,3999.950623850646,36.59104985032309,28.38652610381041,1.9815799049807197,914.8631560842223,4.0,-40.0,44.0,37.72614263264313,119.07741679533228,True,2093.0568529857155,33.0,-62.0,95.0,38.09763550077378,623.7145821398276,True,2498.7288693468827,38.0,-79.0,117.0,38.09763550077378,708.1603544212307,True,2285.04967284371,35.0,-68.0,103.0,38.09763550077378,655.8194694486151,True
1200.4126156751656,686721.2782356648,4355960.355807144,4001.405156218709,36.14770838453751,26.979299013046766,1.5998756888962902,891.6146104377035,4.0,-37.0,41.0,37.508667402050605,117.81679485453947,True,2013.9948028807958,33.0,-60.0,93.0,38.10844173933356,608.4035624201179,True,2409.0379378360376,39.0,-76.0,115.0,38.10844173933356,694.5646114667834,True,2200.932855027798,35.0,-67.0,102.0,38.10844173933356,641.1009974789076,True
1210.3714642210318,686731.1302789907,4355958.901191503,4001.117514097502,36.23538170308143,25.598689412264346,0.5810377239954846,860.8440701955976,4.0,-36.0,40.0,37.091961432092376,117.83144907536393,True,1922.1770956778478,33.0,-58.0,91.0,37.767404845481224,601.5312127402967,True,2296.2010185532326,39.0,-72.0,111.0,37.767404845481224,689.8153737945502,True,2097.72652832715,35.0,-65.0,100.0,37.767404845481224,634.7050193645377,True
1219.9026077172807,686740.6049769116,4355957.86543301,3999.821273619574,36.63047580075386,22.691480372926563,10.226295248259293,853.7822497753173,4.0,-36.0,40.0,37.50467576225401,120.43312583680813,True,2146.2637046423024,37.0,-77.0,114.0,38.13867184587366,681.1930931675354,True,2808.0555863614327,44.0,-100.0,144.0,38.13867184587366,798.3928308277311,True,2457.6833157253795,39.0,-88.0,127.0,38.13867184587366,724.906860179651,True
1229.8614562626303,686740.1827781897,4355967.815328115,4000.9280055484805,36.29314390882314,25.66560440204436,8.914020545694743,831.9500204802716,4.0,-34.0,38.0,38.05385873025011,117.90050112275821,True,1830.6306550432303,34.0,-54.0,88.0,38.67038620686867,617.5691559832935,True,2164.873754859967,40.0,-65.0,105.0,38.67038620686867,712.8928321929075,True,1986.792064800399,36.0,-59.0,95.0,38.67038620686867,653.1152801696328,True
1239.7260420904317,686740.4972308798,4355977.674900776,3999.758475244162,36.64961674557935,25.717111714730702,3.845345879834296,879.1102756532478,4.0,-36.0,40.0,38.0526287722887,119.73851071495437,True,1994.7233800511046,34.0,-64.0,98.0,38.990278344314675,631.7197194727676,True,2421.9546638082834,40.0,-74.0,114.0,38.990278344314675,727.2436470550499,True,2202.074870250656,36.0,-70.0,106.0,38.990278344314675,667.9244728889375,True
1249.6848906362065,686743.3107416518,4355987.228058447,3998.8327630001495,36.931773837554374,26.015448396268063,1.502425970554762,970.926424617367,4.0,-39.0,43.0,38.131497322756786,120.71893066841835,True,2192.5155055706346,33.0,-68.0,101.0,39.01436280010853,611.5194513184383,True,2660.41641933541,39.0,-81.0,120.0,39.15450283419432,699.7497982683942,True,2418.4397743829772,35.0,-74.0,109.0,39.03954649203092,644.5758256828876,True
1259.4309833878306,686744.2847629613,4355996.925357371,3999.464987712225,36.73907174531382,24.75217794369328,4.3026073993644,989.4078285453909,4.0,-40.0,44.0,38.05261413436642,119.70213396627742,True,2194.3383926515344,33.0,-66.0,99.0,38.668160211440636,612.1886842729125,True,2643.8458437268755,39.0,-78.0,117.0,38.91584789208173,697.3726454213522,True,2413.95522493683,35.0,-73.0,108.0,38.70751455874847,644.452524194694,True
1269.389831933188,686742.9936145934,4356006.800153583,3999.1348569915317,36.83969558898116,20.51236505983502,4.926539050774901,1033.5315816318996,4.0,-42.0,46.0,38.202023761514056,120.31419890980828,True,2311.6443111895387,35.0,-67.0,102.0,39.283187267344374,638.6464274318494,True,2780.0971555852598,42.0,-78.0,120.0,39.283187267344374,740.280059714293,True,2537.681541709861,37.0,-73.0,110.0,39.283187267344374,676.2163765776415,True
1279.3486804794536,686741.7024662256,4356016.674949797,4000.284284636712,36.489350042730166,18.22372794951508,2.331925415615308,1052.3818039811215,4.0,-45.0,49.0,37.59580048961061,119.17062730625184,True,2459.160323600921,37.0,-70.0,107.0,38.26041269148436,670.0083946093041,True,2971.5296132583185,45.0,-81.0,126.0,38.26041269148436,792.065459722214,True,2706.337832441257,40.0,-75.0,115.0,38.26041269148436,714.5877467195328,True
1289.3004849582048,686740.4377097035,4356026.546059325,4000.0072072466096,36.57380323123334,21.78773703365397,10.857930028166479,956.1083377439629,4.0,-45.0,49.0,37.450328786224645,120.17941895075796,True,2650.6729394654653,37.0,-81.0,118.0,37.90836179157941,701.6385959591796,True,3348.728706401379,45.0,-98.0,143.0,37.90836179157941,825.2950487098055,True,2991.1781451398756,40.0,-90.0,130.0,37.90836179157941,747.3292617593527,True
1299.2593335035626,686744.3854558688,4356035.689032833,4000.423245106002,36.446994891690565,23.577350304503877,20.537755597177057,985.9247821604124,4.0,-41.0,45.0,37.11233871065883,120.05661374219426,True,2890.9019714345286,37.0,-116.0,153.0,37.47631191215146,695.3075028735748,True,4195.722567204299,44.0,-143.0,187.0,37.563240417366615,813.414772369202,True,3536.9415845270687,39.0,-127.0,166.0,37.47631191215146,739.2386431667835,True
1308.8366783228153,686750.8251258472,4356042.77819247,3999.7241953451135,36.66006525880948,16.59883261278047,10.229570391880376,998.7373509904437,4.0,-45.0,49.0,37.331573519197036,120.23940767726299,True,2658.553276967298,39.0,-82.0,121.0,37.73152353290743,716.5405412874186,True,3384.484947047643,49.0,-100.0,149.0,37.73152353290743,858.6721389258853,True,3007.678727541243,42.0,-91.0,133.0,37.73152353290743,767.7274531826108,True
1313.5404888164344,686755.4583138827,4356041.966156887,4003.403877874801,35.53849802376067,8.514892872147009,11.769233698980079,676.8499580797074,4.0,-29.0,33.0,35.75698729650139,118.22182165926074,True,2409.044619660417,77.0,-45.0,122.0,35.93466908516302,1490.3675709084055,True,3239.155235772978,94.0,-53.0,147.0,35.93466908516302,2163.2902086295912,True,2735.4945591137193,84.0,-49.0,133.0,35.93466908516302,1737.4927262452416,True
1323.4993373622353,686754.9967007567,4356032.018012453,4012.896899192183,32.64502512622266,15.10051750621236,19.71442471434891,537.7817667935994,4.0,-24.0,28.0,33.79689333172087,108.44104057974414,True,2245.196946216567,84.0,-35.0,119.0,34.498318961646646,1576.2611316590924,True,3180.795143023359,107.0,-40.0,147.0,34.498318961646646,2418.6532465787586,True,2588.1480497454313,91.0,-38.0,129.0,34.498318961646646,1872.5048800850925,True
1333.4581859080363,686754.5350876307,4356022.069868019,4016.6150981986557,31.51171806904972,12.006688918416726,20.554270174290888,486.18119358478316,4.0,-22.0,26.0,32.493144880271984,103.90642746451567,True,2161.3553489366554,79.0,-32.0,111.0,33.1108100510703,1570.69698916614,True,2974.4083511842637,99.0,-37.0,136.0,33.1108100510703,2306.753995529647,True,2465.2973315899244,88.0,-34.0,122.0,33.1108100510703,1836.4958005955807,True
1343.4170344538372,686754.0734745048,4356012.121723585,4017.2634658660986,31.31409560401312,7.583298432326559,22.16211335199112,469.5915219099959,4.0,-21.0,25.0,32.738073910216826,103.73133934206794,True,2145.252014024103,76.0,-30.0,106.0,33.665799935842415,1589.1939127959697,True,2874.4202500056513,94.0,-35.0,129.0,33.665799935842415,2249.8552979942942,True,2421.7173500350527,83.0,-33.0,116.0,33.665799935842415,1831.9352691060428,True
1353.3758829996382,686753.6118613788,4356002.173579151,4014.737476640485,32.08401711998022,3.6561547320044663,23.997788298866787,472.3470639577613,4.0,-21.0,25.0,33.69263360052605,107.1519343154655,True,2076.884462484163,73.0,-29.0,102.0,34.68270004964597,1529.7055457517838,True,2736.7229935289206,90.0,-33.0,123.0,34.68270004964597,2125.5802501530206,True,2327.1659226730644,79.0,-31.0,110.0,34.68270004964597,1748.6500426202276,True
1363.3347315454391,686753.1502482528,4355992.225434717,4014.7557432322483,32.078449462810795,0.7093750721672605,25.14153066490769,470.0809561815945,4.0,-21.0,25.0,33.82151323854396,107.40239681777484,True,1927.8980146285226,66.0,-29.0,95.0,34.9247604931486,1386.2268280945743,True,2525.83674188399,86.0,-33.0,119.0,34.949357861644785,1922.4702819030135,True,2146.1570115031354,75.0,-31.0,106.0,34.9247604931486,1574.0268186002256,True
1373.29358009124,686752.6886351268,4355982.277290283,4016.040986026416,31.686707459148465,0.7159859087130289,25.63803409245554,463.5057104113023,4.0,-21.0,25.0,33.18574858980355,105.35780194971267,True,1759.7023046819236,62.0,-29.0,91.0,34.20432804515826,1222.763420297664,True,2287.2190994651255,83.0,-32.0,115.0,34.29795366537746,1689.0367127216987,True,1944.977883105649,69.0,-31.0,100.0,34.20432804515826,1377.8288230151993,True
1383.252428637041,686752.2270220008,4355972.329145849,4018.7432771888684,30.86304911283287,2.260074901125385,25.528542828971375,452.5858491991696,4.0,-20.0,24.0,32.32112615259052,101.95344019103891,True,1661.1918827661873,58.0,-29.0,87.0,33.23628153289633,1131.0643666052385,True,2119.764461300476,78.0,-32.0,110.0,33.35470044102135,1528.5196302068655,True,1826.8622157437972,65.0,-31.0,96.0,33.23628153289633,1266.655863480693,True
1393.211277182842,686751.7654088748,4355962.381001415,4021.1482045168973,30.130027263249758,4.562334151420764,25.117160172448074,439.54484435642144,4.0,-20.0,24.0,31.4808363624511,98.79106542025102,True,1581.2014925771666,55.0,-29.0,84.0,32.63737088482344,1063.795624398375,True,1979.8527072215327,71.0,-33.0,104.0,33.72303223962467,1400.0681882540493,True,1729.997953771291,61.0,-31.0,92.0,32.72303223962467,1182.0223162216291,True
1403.170125728643,686751.3037957489,4355952.432856981,4021.177838551181,30.120994809600006,5.8313049210264385,24.7390877123241,433.22427285032313,4.0,-20.0,24.0,31.93533215729417,99.64242900249656,True,1433.6859326319004,51.0,-29.0,80.0,33.21688489539383,921.8183307472282,True,1778.1518320767018,65.0,-33.0,98.0,33.82180815117613,1204.1212415933364,True,1564.2530618618168,56.0,-31.0,87.0,33.44680815117613,1021.6903081153023,True
1413.1289742744439,686750.8421826229,4355942.484712547,4021.8805074478946,29.906821329881723,6.163387545129709,24.88795909261181,439.8161467296759,4.0,-20.0,24.0,31.883820643649415,99.03121513394126,True,1224.5148689219193,45.0,-29.0,74.0,32.69365427896787,706.0182676740371,True,1494.8385243898308,57.0,-33.0,90.0,32.69365427896787,913.7060330554602,True,1327.8557122420946,49.0,-31.0,80.0,32.69365427896787,778.5704128518819,True
1423.0878228202448,686750.3805694969,4355932.536568113,4025.822550961715,28.70528646686921,5.620861453473906,24.683264042850386,408.5594797903507,4.0,-21.0,25.0,29.100968988692784,91.0188785696655,True,999.2265626414528,37.0,-31.0,68.0,29.100968988692784,493.91732870823535,True,1203.8919484750925,49.0,-35.0,84.0,29.100968988692784,629.2224913946179,True,1079.7363492992424,41.0,-33.0,74.0,29.100968988692784,540.2102306974018,True
1433.0466713660458,686749.9189563709,4355922.588423679,4040.2709123729483,24.301425908725378,5.255058923713119,23.07368272147799,348.870221656043,4.0,-18.0,22.0,25.959747869337207,69.62802219383047,True,759.0576282284517,30.0,-27.0,57.0,25.959747869337207,325.8499868059728,True,892.1573411446977,39.0,-31.0,70.0,25.959747869337207,404.59848759286274,True,812.65960019013,33.0,-29.0,62.0,25.959747869337207,353.04026412266194,True
1443.0055199118467,686749.4573432449,4355912.640279245,4059.930992125456,18.309033600161,4.75459993622228,22.16766394039882,277.5834750991062,4.0,-18.0,22.0,19.280038381987424,46.01597831371055,True,556.9704879175413,24.0,-25.0,49.0,19.798441428918295,184.43075048501873,True,644.104788521852,31.0,-29.0,60.0,19.798441428918295,223.69735762521782,True,593.6387817553832,26.0,-27.0,53.0,19.798441428918295,198.23738084009665,True
1452.9643684576477,686748.995730119,4355902.692134811,4076.4017566034136,13.288744587279552,5.0566400905585915,21.162050617099162,184.05423665661124,4.0,-17.0,21.0,13.921578204827256,28.53162870020219,True,379.1733585102413,19.0,-24.0,43.0,14.60540508417921,89.53884831768687,True,436.05683954442907,23.0,-27.0,50.0,14.60540508417921,103.82885665011554,True,404.4397710817825,20.0,-26.0,46.0,14.60540508417921,94.66570209527026,True
1462.9232170034486,686748.534116993,4355892.743990377,4088.449314014151,9.616649088486838,5.21380607761823,20.463041867955297,102.02369152230199,4.0,-12.0,16.0,9.9947013903477,12.440879336292937,True,209.90483434463385,14.0,-23.0,37.0,9.9947013903477,23.24168979439969,True,250.27137911671548,17.0,-27.0,44.0,9.9947013903477,23.24168979439969,True,228.62691784729395,15.0,-25.0,40.0,9.9947013903477,23.24168979439969,True
1472.8820655492495,686748.072503867,4355882.795845943,4101.682522806399,5.583167048609539,6.484370948943774,19.390479865209276,48.28624015768469,4.0,-8.0,12.0,5.643368110470192,0.0,True,90.19965540798444,10.0,-15.0,25.0,5.643368110470192,0.0,True,102.87805957955493,11.0,-18.0,29.0,5.643368110470192,0.0,True,96.15327599985199,10.0,-17.0,27.0,5.643368110470192,0.0,True
1482.8409140950505,686747.610890741,4355872.847701509,4116.790364853271,0.9782967927230857,7.605608739715453,16.940652088445745,6.1337800674775735,4.0,-4.0,8.0,0.9919309874569535,0.0,True,9.130329874477184,6.0,-7.0,13.0,0.9919309874569535,0.0,True,9.289060033207306,6.0,-7.0,13.0,0.9919309874569535,0.0,True,9.219615588762963,6.0,-7.0,13.0,0.9919309874569535,0.0,True
1492.7997626408514,686747.149277615,4355862.8995570745,4133.945636671153,-4.250630057367516,4.9070203532487255,15.244382532102083,0.0,,,,0.0,0.0,True,0.0,,,,0.0,0.0,True,0.0,,,,0.0,0.0,True,0.0,,,,0.0,0.0,True
1500.343021267502,686740.2010597977,4355859.963059182,4141.083870065459,-6.426363595952125,22.58515926571253,25.331508165876198,0.0,,,,0.0,0.0,True,0.0,,,,0.0,0.0,True,0.0,,,,0.0,0.0,True,0.0,,,,0.0,0.0,True
1510.3018698132298,686730.2471160433,4355860.27557813,4146.430324289412,-8.055962843412772,24.397050600410573,27.10870912653452,0.0,,,,0.0,0.0,True,0.0,,,,0.0,0.0,True,0.0,,,,0.0,0.0,True,0.0,,,,0.0,0.0,True
1520.2607183590446,686720.2931722889,4355860.588097077,4154.225168544633,-10.431831372404076,25.613029773528933,26.681672622847437,0.0,,,,0.0,0.0,True,0.0,,,,0.0,0.0,True,0.0,,,,0.0,0.0,True,0.0,,,,0.0,0.0,True
1530.2195669048888,686710.3392285345,4355860.900616025,4161.368647642555,-12.609163801450677,26.761305748081774,25.892173819281137,0.0,,,,0.0,0.0,True,0.0,,,,0.0,0.0,True,0.0,,,,0.0,0.0,True,0.0,,,,0.0,0.0,True
1540.1784154507036,686700.3852847801,4355861.213134971,4168.191520636649,-14.68877549005083,27.55894045413694,25.46818829944466,0.0,,,,0.0,0.0,True,0.0,,,,0.0,0.0,True,0.0,,,,0.0,0.0,True,0.0,,,,0.0,0.0,True
1550.1372639965184,686690.4313410256,4355861.525653918,4175.318855686076,-16.861187213115954,27.36872606409149,25.19867274649712,0.0,,,,0.0,0.0,True,0.0,,,,0.0,0.0,True,0.0,,,,0.0,0.0,True,0.0,,,,0.0,0.0,True
1560.0961125423626,686680.4773972712,4355861.838172866,4180.167227872709,-18.338971055601633,26.8031872270514,25.274784860922914,0.0,,,,0.0,0.0,True,0.0,,,,0.0,0.0,True,0.0,,,,0.0,0.0,True,0.0,,,,0.0,0.0,True
1570.0549610881774,686670.5234535168,4355862.150691813,4183.331942970929,-19.303576217539103,26.519419908840895,25.542798130940703,0.0,,,,0.0,0.0,True,0.0,,,,0.0,0.0,True,0.0,,,,0.0,0.0,True,0.0,,,,0.0,0.0,True
1580.013809633905,686660.5695097625,4355862.463210761,4185.019004941069,-19.817792706037835,26.420059844289128,25.98410580083473,0.0,,,,0.0,0.0,True,0.0,,,,0.0,0.0,True,0.0,,,,0.0,0.0,True,0.0,,,,0.0,0.0,True
1589.97265817972,686650.615566008,4355862.775729707,4187.002098997764,-20.422239774518403,24.34668988993136,26.360148778927098,0.0,,,,0.0,0.0,True,0.0,,,,0.0,0.0,True,0.0,,,,0.0,0.0,True,0.0,,,,0.0,0.0,True
1599.931506725564,686640.6616222536,4355863.088248655,4190.223152630315,-21.404016921719858,22.8780067544684,26.572961583421893,0.0,,,,0.0,0.0,True,0.0,,,,0.0,0.0,True,0.0,,,,0.0,0.0,True,0.0,,,,0.0,0.0,True
1609.890355271379,686630.7076784992,4355863.400767602,4194.400929909297,-22.677403436353643,22.31714269629091,26.446020793445626,0.0,,,,0.0,0.0,True,0.0,,,,0.0,0.0,True,0.0,,,,0.0,0.0,True,0.0,,,,0.0,0.0,True
1619.849203817223,686620.7537347447,4355863.71328655,4200.50569155596,-24.538134786256478,21.957288819794208,26.290602289791085,0.0,,,,0.0,0.0,True,0.0,,,,0.0,0.0,True,0.0,,,,0.0,0.0,True,0.0,,,,0.0,0.0,True
1629.8080523630379,686610.7997909903,4355864.025805497,4208.035721691804,-26.833287971661775,21.869865320260836,25.676395912136815,0.0,,,,0.0,0.0,True,0.0,,,,0.0,0.0,True,0.0,,,,0.0,0.0,True,0.0,,,,0.0,0.0,True
1639.7669009087656,686600.845847236,4355864.338324444,4215.781295095662,-29.194138745157943,21.88336214236295,24.73324907230844,0.0,,,,0.0,0.0,True,0.0,,,,0.0,0.0,True,0.0,,,,0.0,0.0,True,0.0,,,,0.0,0.0,True
1649.7257494545804,686590.8919034816,4355864.650843391,4221.8364559982565,-31.03975178826863,21.95498402742349,23.843546481251924,0.0,,,,0.0,0.0,True,0.0,,,,0.0,0.0,True,0.0,,,,0.0,0.0,True,0.0,,,,0.0,0.0,True
1659.6845980004246,686580.9379597271,4355864.963362339,4229.601151763872,-33.40643105762797,22.041227940933087,22.744605089152607,0.0,,,,0.0,0.0,True,0.0,,,,0.0,0.0,True,0.0,,,,0.0,0.0,True,0.0,,,,0.0,0.0,True
1669.6434465462394,686570.9840159727,4355865.275881286,4233.489057516244,-34.59146473095143,21.689093653997382,21.35910844844797,0.0,,,,0.0,0.0,True,0.0,,,,0.0,0.0,True,0.0,,,,0.0,0.0,True,0.0,,,,0.0,0.0,True
1679.6022950920835,686561.0300722183,4355865.588400234,4234.717309993661,-34.96583608606784,21.112365757973468,20.666685668377546,0.0,,,,0.0,0.0,True,0.0,,,,0.0,0.0,True,0.0,,,,0.0,0.0,True,0.0,,,,0.0,0.0,True
1689.5611436378983,686551.0761284638,4355865.90091918,4232.210326364908,-34.20170747602401,19.93343201500438,19.97887179952357,0.0,,,,0.0,0.0,True,0.0,,,,0.0,0.0,True,0.0,,,,0.0,0.0,True,0.0,,,,0.0,0.0,True
1699.5199921837425,686541.1221847094,4355866.213438128,4226.847174562172,-32.56701880654987,18.218890495756593,19.430515103631016,0.0,,,,0.0,0.0,True,0.0,,,,0.0,0.0,True,0.0,,,,0.0,0.0,True,0.0,,,,0.0,0.0,True
1709.4788407294411,686531.1682409551,4355866.525957075,4219.230708031992,-30.245519808151357,15.872990571772226,20.00636014574244,0.0,,,,0.0,0.0,True,0.0,,,,0.0,0.0,True,0.0,,,,0.0,0.0,True,0.0,,,,0.0,0.0,True
1719.437689275256,686521.2142972007,4355866.838476022,4205.750468296481,-26.136742736767246,13.41065208283192,20.468364404271476,0.0,,,,0.0,0.0,True,0.0,,,,0.0,0.0,True,0.0,,,,0.0,0.0,True,0.0,,,,0.0,0.0,True
1729.3965378211,686511.2603534462,4355867.1509949695,4193.230666240623,-22.320707070141907,11.608237943551792,20.642419403726674,0.0,,,,0.0,0.0,True,0.0,,,,0.0,0.0,True,0.0,,,,0.0,0.0,True,0.0,,,,0.0,0.0,True
1739.355386366915,686501.3064096918,4355867.463513916,4181.41605629373,-18.71961395832909,10.606430959518036,20.426577295071954,0.0,,,,0.0,0.0,True,0.0,,,,0.0,0.0,True,0.0,,,,0.0,0.0,True,0.0,,,,0.0,0.0,True
1749.314234912759,686491.3524659374,4355867.776032864,4171.34275079316,-15.649270441755334,10.188785043913782,19.768615164160767,0.0,,,,0.0,0.0,True,0.0,,,,0.0,0.0,True,0.0,,,,0.0,0.0,True,0.0,,,,0.0,0.0,True
1759.2730834585739,686481.398522183,4355868.088551811,4161.864877009912,-12.760414512621082,10.08024411784851,18.677383798303143,0.0,,,,0.0,0.0,True,0.0,,,,0.0,0.0,True,0.0,,,,0.0,0.0,True,0.0,,,,0.0,0.0,True
1769.2319320043016,686471.4445784286,4355868.401070759,4156.21659387968,-11.038817814526283,10.103015438610925,16.548092641204462,0.0,,,,0.0,0.0,True,0.0,,,,0.0,0.0,True,0.0,,,,0.0,0.0,True,0.0,,,,0.0,0.0,True
1779.1907805501164,686461.4906346742,4355868.7135897055,4149.985354556249,-9.139536068744746,12.034848654204913,14.865161845909917,0.0,,,,0.0,0.0,True,0.0,,,,0.0,0.0,True,0.0,,,,0.0,0.0,True,0.0,,,,0.0,0.0,True
1789.1496290959606,686451.5366909198,4355869.026108653,4144.014075980123,-7.319490358741632,14.264982344583888,13.218357114691749,0.0,,,,0.0,0.0,True,0.0,,,,0.0,0.0,True,0.0,,,,0.0,0.0,True,0.0,,,,0.0,0.0,True
1799.1084776417754,686441.5827471653,4355869.3386276,4133.913803570893,-4.240927328408134,17.5415332698558,11.327063698504821,0.0,,,,0.0,0.0,True,0.0,,,,0.0,0.0,True,0.0,,,,0.0,0.0,True,0.0,,,,0.0,0.0,True
1809.0673261876195,686431.6288034109,4355869.651146548,4128.466941628564,-2.5807238083864377,21.110810739818554,10.235159634096586,0.0,,,,0.0,0.0,True,0.0,,,,0.0,0.0,True,0.0,,,,0.0,0.0,True,0.0,,,,0.0,0.0,True
1819.0261747334343,686421.6748596565,4355869.963665495,4124.421586303081,-1.3476995051792073,23.870925649677734,7.624140475216026,0.0,,,,0.0,0.0,True,0.0,,,,0.0,0.0,True,0.0,,,,0.0,0.0,True,0.0,,,,0.0,0.0,True
1828.985023279162,686411.7209159022,4355870.276184442,4118.419402501936,0.4817661174099612,25.67591104016153,7.3546082532764,5.0987027325707,4.0,-2.0,6.0,2.108613674634171,0.0,True,19.78112416746967,11.0,-2.0,13.0,3.2008777435744378,0.0,True,27.53784623475076,24.0,-2.0,26.0,3.2008777435744378,1.5265657707145692,True,21.603491700446284,12.0,-2.0,14.0,3.2008777435744378,0.0,True
1838.943871824977,686401.7669721477,4355870.588703389,4108.908902906653,3.3805663940522663,26.566860369153975,10.198412183053074,26.443949958734265,4.0,-6.0,10.0,3.7607959761585334,0.0,True,72.85474749492505,19.0,-9.0,28.0,4.400713640255162,9.505764977009903,True,295.2043635206869,99.0,-10.0,109.0,5.820640361220512,219.50883798790824,True,85.00537339843117,24.0,-10.0,34.0,4.400713640255162,17.417292310096855,True
1848.902720370821,686391.8130283933,4355870.901222337,4094.841499610062,7.668310918853194,25.28494075739398,11.807920228608712,67.3305826529297,4.0,-8.0,12.0,8.210244389140144,7.381918055514689,True,187.33093260156147,27.0,-13.0,40.0,8.592171027527684,72.3963946011529,True,533.7732948727378,115.0,-14.0,129.0,8.592171027527684,402.6599001612908,True,216.01784072066744,34.0,-14.0,48.0,8.592171027527684,94.81744600922048,True
1858.8615689166359,686381.8590846389,4355871.213741284,4080.9886857200127,11.890648592540174,22.11070121477604,13.924480154547762,125.6008000538809,4.0,-12.0,16.0,12.491740618571157,24.393370250649923,True,372.8418441002864,35.0,-18.0,53.0,12.91936694339688,190.89030380723307,True,1065.329532374711,176.0,-21.0,197.0,12.91936694339688,857.4249535438364,True,432.0102840483519,45.0,-19.0,64.0,12.91936694339688,238.79684190400303,True
1868.8204174624507,686371.9051408845,4355871.526260231,4065.326866854084,16.664370982875198,19.757406550289417,16.34823674359028,200.58008516190944,4.0,-15.0,19.0,17.136583873633754,43.26643534272466,True,633.9068034152936,45.0,-24.0,69.0,17.285106023429307,358.31956726520093,True,1508.0869148514378,205.0,-29.0,234.0,17.285106023429307,1187.7239091596773,True,741.1514173848948,57.0,-26.0,83.0,17.285106023429307,444.8969916158853,True
1878.7792660082948,686361.95119713,4355871.838779178,4049.6224926247114,21.451064247987915,17.347971872914943,20.90610076397354,298.46920875527235,4.0,-19.0,23.0,22.093889071709555,62.7261452439202,True,1032.0129433251507,58.0,-30.0,88.0,22.370463069002426,620.1572419336983,True,1724.019157508468,108.0,-33.0,141.0,22.370463069002426,1247.5974893442904,True,1223.6304051279697,75.0,-32.0,107.0,22.370463069002426,779.7895239395693,True
1888.7381145541096,686351.9972533756,4355872.151298125,4032.6994060679885,26.6092210304771,9.389782659442792,23.433007403379392,391.05549966648846,4.0,-20.0,24.0,26.95389931663749,82.68223876388697,True,1327.5466429380529,59.0,-28.0,87.0,27.314269921232835,852.9808432898526,True,1844.3168549582804,89.0,-31.0,120.0,27.314269921232835,1313.1318357843347,True,1497.3033795243364,67.0,-30.0,97.0,27.314269921232835,995.0857160934161,True
1898.6969630998374,686342.0433096213,4355872.463817073,4046.339792029503,22.451631389407567,9.52987117192999,21.602429214807067,299.6360636087138,4.0,-17.0,21.0,22.694790852021697,65.85071383251079,True,928.7450361503722,48.0,-26.0,74.0,22.936255520766053,550.6025650942909,True,1281.2253112297633,74.0,-30.0,104.0,22.936255520766053,851.2629123468882,True,1046.5113895916882,56.0,-28.0,84.0,22.936255520766053,643.4970431295094,True
1908.6558116456522,686332.0893658669,4355872.77633602,4062.096398867661,17.64901762513705,8.995829353929452,18.77280219597782,214.2106996085863,4.0,-15.0,19.0,18.02631799160804,46.98498068680556,True,624.6501442192914,39.0,-22.0,61.0,18.241157202618297,343.90346331063733,True,842.9743440231025,59.0,-26.0,85.0,18.241157202618297,524.1473763326851,True,697.3280017881127,45.0,-24.0,69.0,18.241157202618297,398.84996097541307,True
1918.6146601914963,686322.1354221124,4355873.088854968,4075.750485205712,13.487252109299106,8.419346509954368,16.194615525450015,149.6221254801444,4.0,-13.0,17.0,13.788076906087326,30.210593102165376,True,398.62817346503925,30.0,-19.0,49.0,13.948428367868019,191.10220672409832,True,520.7213107124592,45.0,-21.0,66.0,13.948428367868019,285.31008699987774,True,440.034302090198,35.0,-20.0,55.0,13.948428367868019,220.07924224628323,True
1928.5735087373112,686312.181478358,4355873.401373914,4091.119165748845,8.802878279752122,8.318431933404224,14.205759853534211,86.89776848686415,4.0,-10.0,14.0,9.450754123600973,12.28283371182033,True,217.59540805350957,23.0,-15.0,38.0,9.676948762447637,75.8012808777396,True,276.512481516437,32.0,-17.0,49.0,9.676948762447637,114.23392278632218,True,238.0354949761322,26.0,-16.0,42.0,9.676948762447637,87.71311765939231,True
1938.5323572831553,686302.2275346036,4355873.713892862,4102.742722980089,5.260018035668963,8.7106449152233,13.133912766121023,41.601269884688236,4.0,-7.0,11.0,5.383572700681043,0.0,True,87.93191609504652,15.0,-11.0,26.0,5.383572700681043,2.0579769058720103,True,107.72328287167625,21.0,-12.0,33.0,5.383572700681043,8.077050792084492,True,94.58026029715506,17.0,-11.0,28.0,5.383572700681043,3.681749679408995,True
1948.4912058289701,686292.2735908491,4355874.026411809,4117.552542477508,0.7459850528555307,9.808623443019782,12.011086243625531,5.387490223994519,4.0,-4.0,8.0,1.2417121600281007,0.0,True,10.442602429561248,8.0,-6.0,14.0,1.6440696235670202,0.0,True,12.039491868398045,10.0,-6.0,16.0,1.6440696235670202,0.0,True,10.977344693902296,9.0,-6.0,15.0,1.6440696235670202,0.0,True
1958.4500543746979,686282.3196470948,4355874.338930757,4132.07749899517,-3.6812216937275934,11.646452639049492,10.994924070079925,0.0,,,,0.0,0.0,True,0.0,,,,0.0,0.0,True,0.0,,,,0.0,0.0,True,0.0,,,,0.0,0.0,True
1968.4089029205127,686272.3657033404,4355874.651449704,4140.6899857302715,-6.306307650586859,13.45736474905069,9.499393719566173,0.0,,,,0.0,0.0,True,0.0,,,,0.0,0.0,True,0.0,,,,0.0,0.0,True,0.0,,,,0.0,0.0,True
1978.3677514663568,686262.411759586,4355874.963968651,4152.464163490105,-9.895077031784012,15.753493069558637,7.820941015085191,0.0,,,,0.0,0.0,True,0.0,,,,0.0,0.0,True,0.0,,,,0.0,0.0,True,0.0,,,,0.0,0.0,True
1988.3266000121716,686252.4578158315,4355875.276487598,4160.255526063168,-12.26988434405348,17.610996571633734,6.308702614033921,0.0,,,,0.0,0.0,True,0.0,,,,0.0,0.0,True,0.0,,,,0.0,0.0,True,0.0,,,,0.0,0.0,True
1998.2854485580158,686242.5038720771,4355875.589006546,4164.52648142647,-13.571671538787996,17.833059988513366,4.811502648348143,0.0,,,,0.0,0.0,True,0.0,,,,0.0,0.0,True,0.0,,,,0.0,0.0,True,0.0,,,,0.0,0.0,True
2008.2442971038306,686232.5499283227,4355875.901525493,4162.350375415128,-12.908394426531004,16.252771518558927,4.278728510263559,0.0,,,,0.0,0.0,True,0.0,,,,0.0,0.0,True,0.0,,,,0.0,0.0,True,0.0,,,,0.0,0.0,True
2018.2031456496748,686222.5959845682,4355876.214044441,4158.401591263668,-11.704805017165882,14.078108064657401,3.617321390978879,0.0,,,,0.0,0.0,True,0.0,,,,0.0,0.0,True,0.0,,,,0.0,0.0,True,0.0,,,,0.0,0.0,True
2028.1619941953734,686212.6420408139,4355876.526563387,4151.919962292019,-9.729204506607175,10.996430078451391,3.5965617037417954,0.0,,,,0.0,0.0,True,0.0,,,,0.0,0.0,True,0.0,,,,0.0,0.0,True,0.0,,,,0.0,0.0,True
2038.1208427411882,686202.6880970595,4355876.839082334,4140.526514587365,-6.256481646228849,7.972657604014406,4.089723185788612,0.0,,,,0.0,0.0,True,0.0,,,,0.0,0.0,True,0.0,,,,0.0,0.0,True,0.0,,,,0.0,0.0,True
2048.0796912870323,686192.7341533051,4355877.151601282,4129.248966367781,-2.8190849488994445,6.297124890715291,3.6264260999344207,0.0,,,,0.0,0.0,True,0.0,,,,0.0,0.0,True,0.0,,,,0.0,0.0,True,0.0,,,,0.0,0.0,True
2058.038539832847,686182.7802095506,4355877.464120229,4115.357011259958,1.4151829679647108,5.216516323578054,3.533401032269141,9.796563956996806,4.0,-4.0,8.0,1.5582843837992186,0.0,True,16.967062091227717,8.0,-7.0,15.0,1.6731976515045517,0.0,True,18.12976841680097,9.0,-7.0,16.0,1.6731976515045517,0.0,True,17.324204948370607,8.0,-7.0,15.0,1.6731976515045517,0.0,True
2067.9973883786915,686172.8262657962,4355877.7766391765,4102.813702679503,5.238383423287587,5.181039672204381,3.290986355108448,43.41812435309953,4.0,-7.0,11.0,5.47076269796753,0.0,True,90.08551518565741,14.0,-11.0,25.0,5.646870877233141,0.010811584698558363,True,104.8534189036468,18.0,-12.0,30.0,5.646870877233141,0.6520091130769288,True,95.41577007731667,15.0,-12.0,27.0,5.646870877233141,0.08569362008006465,True
2077.9562369245064,686162.8723220418,4355878.089158123,4091.1232877756456,8.801621885983195,5.831454603324699,2.788184274603755,82.90913841472957,4.0,-10.0,14.0,9.126036439359723,11.49822574984978,True,193.93649061221595,20.0,-15.0,35.0,9.312131180267897,58.552178490741426,True,235.47091153433757,27.0,-17.0,44.0,9.312131180267897,80.74844878879162,True,209.0010901953508,22.0,-16.0,38.0,9.312131180267897,65.7098903137994,True
2087.9150854702343,686152.9183782875,4355878.401677071,4081.0288573679522,11.878404274248169,6.3338517933814575,2.106239624297136,123.0861907411595,4.0,-11.0,15.0,12.277167793774652,23.942434404637197,True,313.2537842283584,26.0,-18.0,44.0,12.51076715743693,134.25543784728666,True,392.94724197631103,36.0,-21.0,57.0,12.51076715743693,188.20419877071868,True,341.6949636669426,29.0,-19.0,48.0,12.51076715743693,151.4639954663253,True
2097.873934016049,686142.964434533,4355878.714196018,4073.0985709894117,14.295555562427353,6.579146940335549,1.3764493968670877,160.03764311712916,4.0,-13.0,17.0,14.845450662685153,33.88020813957678,True,439.96332611868047,31.0,-21.0,52.0,15.167587123774183,218.00366757519555,True,570.4478558384048,45.0,-24.0,69.0,15.167587123774183,315.28555154563924,True,485.4620734500563,36.0,-22.0,58.0,15.167587123774183,248.47008540702177,True
2107.8327825618935,686133.0104907786,4355879.026714966,4065.7868246658163,16.524175841859233,6.921839693287807,0.3281473201826974,197.36678147728753,4.0,-15.0,19.0,17.06140939011334,42.7951760792248,True,572.4895331351356,37.0,-23.0,60.0,17.31853239082625,304.0576062324674,True,765.7932425677895,55.0,-27.0,82.0,17.31853239082625,456.36469742931376,True,638.6030128129546,42.0,-25.0,67.0,17.31853239082625,351.1622001976177,True
2117.7916311077083,686123.0565470242,4355879.3392339125,4060.2422196894213,18.21417143866438,7.051099347046118,1.3766080803828324,227.7365178009302,4.0,-16.0,20.0,18.81111041258805,49.667790836196446,True,702.5673582408135,42.0,-25.0,67.0,19.203887818943485,396.48550017351704,True,966.271006675528,62.0,-30.0,92.0,19.203887818943485,611.8961188660819,True,792.8389630194149,49.0,-27.0,76.0,19.203887818943485,464.080238154625,True
2127.7504796535527,686113.1026032697,4355879.65175286,4054.8953357610576,19.843901660029587,7.458995883961497,3.582620521562114,257.25085817396166,4.0,-17.0,21.0,20.38005048097648,56.08007371017811,True,840.2342840933179,48.0,-27.0,75.0,20.796222125531813,498.60919591306606,True,1177.9660698644168,69.0,-32.0,101.0,20.796222125531813,780.8729504921293,True,957.2849692286525,55.0,-29.0,84.0,20.796222125531813,589.4063607166665,True
2137.7093281993675,686103.1486595153,4355879.964271807,4049.6907791109743,21.430250526974987,8.503681198131616,5.740937746807794,289.41152203084766,4.0,-18.0,22.0,21.899711429740364,62.34341220064675,True,1004.0085322842251,54.0,-28.0,82.0,22.357408855256608,620.9094062387785,True,1430.4568692984246,77.0,-34.0,111.0,22.357408855256608,983.9006081031407,True,1152.7090351000124,62.0,-31.0,93.0,22.357408855256608,739.448395439184,True
2147.6681767450955,686093.194715761,4355880.276790755,4042.216261337321,23.708483544384535,9.618502113301627,7.051719279623256,336.95171379479916,4.0,-19.0,23.0,24.34186686062708,71.71852693712685,True,1231.0100373159255,61.0,-31.0,92.0,24.765134021941776,785.4314427242803,True,1766.348255797151,84.0,-39.0,123.0,24.765134021941776,1241.4811878375617,True,1420.5211225133257,69.0,-35.0,104.0,24.765134021941776,937.3409921723844,True
2157.6270252909103,686083.2407720066,4355880.589309702,4032.5766156447266,26.646647551487376,10.660770427721063,7.225023783246043,412.51948314133483,4.0,-22.0,26.0,27.33756234546422,83.59448705213754,True,1560.3651040835657,68.0,-36.0,104.0,27.75127792734247,1003.0464768758218,True,2231.6799185574,91.0,-46.0,137.0,27.75127792734247,1566.0590053186518,True,1804.7162334282953,76.0,-41.0,117.0,27.75127792734247,1195.5278742573983,True
2167.5858738367547,686073.2868282521,4355880.901828649,4018.2475567700053,31.0141446965024,11.644723172036011,6.735539344795261,533.9824035353986,4.0,-25.0,29.0,31.53134584089503,100.72673051502647,True,2020.1976347994414,75.0,-42.0,117.0,31.832592831133525,1292.2209263859545,True,2863.32000443999,100.0,-55.0,155.0,31.832592831133525,1984.465972697237,True,2331.6430050991344,84.0,-48.0,132.0,31.832592831133525,1532.3313136216334,True
2177.5447223825695,686063.3328844977,4355881.214347596,4000.003936848031,36.574800048720135,12.304589001431777,5.672485106682128,716.593230194515,4.0,-30.0,34.0,36.865879995988735,122.51965065614286,True,2650.3162772372552,82.0,-51.0,133.0,37.040719398745296,1644.039267562414,True,3716.4070894418583,107.0,-71.0,178.0,37.040719398745296,2463.927340106662,True,3054.6501570219325,91.0,-60.0,151.0,37.040719398745296,1933.3277166563444,True
